,path,remedies,num_remedies
0,MIND - YIELDING disposition," Calc-sil.(2), Carc.(2), Cocc.(2), Coff.(1), Cupr.(1), Lath.(1), Lyc.(3), Murx.(1), Petr.(1), Phos.(1), Puls.(3), Sil.(2), Staph.(3)",13
1,"MIND - WRONG, everything seems"," Cimic.(1), Coloc.(1), Eug.(1), Hep.(1), Naja(2), Nux-v.(1)",6
2,"MIND - WRITING - inability, for"," Ign.(1), Lyc.(1)",2
3,"MIND - WRITING - inability, for - writing disconnectedly", Colch.(1),1
4,MIND - WRITING - difficulty in expressing ideas when," Cact.(1), Carb-an.(1)",2
5,MIND - WRITING - desire for," Chin.(1), Spig.(1)",2
6,MIND - WRITING - aversion to," Hydr.(1), Squil.(1), Thea(1)",3
7,"MIND - WORK - seems to drive him crazy, owing to the impotency of his mind"," Ind.(1), Kali-p.(2), Med.(1)",3
8,MIND - WORK - impossible," Asar.(1), Calc.(2), Chinin-s.(1), Cop.(1), Cycl.(1), Dig.(1), Ferr.(2), Gels.(2), Glon.(1), Gymno.(1), Ham.(1), Hyos.(1), Kalm.(1), Lyc.(1), Med.(2), Mill.(2), Morph.(1), Nat-c.(3), Nat-s.(1), Nux-v.(1), Phos.(2), Pic-ac.(1), Ptel.(1), Sumb.(2), Vib.(1)",25
9,MIND - WORK - desire for mental," Aloe(1), Anth.(1), Arn.(1), Asar.(1), Aur.(2), Bad.(1), Brom.(2), Carb-ac.(1), Chin.(1), Clem.(1), Cob.(1), Coca(1), Gels.(1), Laur.(1), Naja(1), Rhus-t.(1), Seneg.(1), Sulph.(1), Tarent.(3), Ther.(1), Verat.(3)",21
10,MIND - WORK - desire for mental - evening," Cic.(1), Lach.(2), Puls.(1)",3
11,"MIND - WORK - complaints, from"," Kali-p.(2), Lyc.(1), Nat-m.(1), Nux-v.(3), Phos.(1)",5
12,MIND - WORK - aversion to mental," Acet-ac.(1), Acon.(2), Act-sp.(1), Aesc.(1), Agar.(1), Aloe(3), Alum.(1), Alumn.(1), Alum-sil.(1), Anac.(1), Atro.(1), Aur.(1), Aur-m.(1), Bapt.(3), Bar-c.(1), Bar-s.(1), Bell.(1), Brom.(1), Buf-s.(1), Cadm-s.(1), Cain.(1), Calc.(2), Calc-p.(1), Calc-s.(1), Cann-i.(1), Carb-ac.(2), Carb-an.(1), Carb-v.(1), Carl.(2), Cham.(1), Chel.(3), Chin.(3), Chinin-ar.(2), Chinin-s.(1), Cinnb.(1), Clem.(1), Cob.(1), Colch.(2), Coloc.(1), Con.(1), Corn.(1), Cycl.(1), Dulc.(1), Echi.(1), Equis.(1), Fago.(1), Ferr.(2), Ferr-p.(1), Gels.(2), Grat.(1), Ham.(2), Hep.(1), Hipp.(1), Hydr.(1), Hyos.(1), Hyper.(1), Ind.(1), Ip.(1), Kali-bi.(2), Kali-n.(1), Kali-s.(1), Kalm.(1), Lac-d.(1), Lach.(2), Lec.(3), Lil-t.(2), Lyc.(2), Mag-m.(1), Mag-p.(1), Med.(1), Meph.(1), Merl.(1), Mur-ac.(1), Nat-ar.(1), Nat-m.(2), Nit-ac.(2), Nux-v.(3), Olnd.(1), Op.(1), Pall.(1), Par.(1), Petr.(1), Ph-ac.(3), Phos.(3), Phyt.(3), Pic-ac.(2), Plan.(1), Plat.(1), Plb.(1), Ptel.(1), Puls.(2), Ran-s.(1), Raph.(1), Rhus-t.(2), Rumex(1), Sanic.(1), Scut.(1), Sep.(2), Sil.(2), Sol-nig.(1), Spig.(1), Squil.(1), Staph.(2), Sulph.(2), Teucr.(1), Thea(1), Ther.(1), Thuja(2), Thyr.(3), Tub.(1), Valer.(1), Viol-o.(1), Viol-t.(1)",113
13,MIND - WORK - aversion to mental - afternoon, Hyos.(1),1
14,MIND - WOMEN - aversion to her own sex, Raph.(2),1
15,MIND - WOMEN - aversion to," Am-c.(1), Bapt.(1), Con.(1), Dios.(2), Lach.(2), Lyc.(3), Nat-m.(1), Puls.(2), Sulph.(1)",9
16,MIND - WITTY," Aeth.(1), Alco.(1), Aran-ix.(1), Cann-i.(1), Caps.(1), Chlol.(1), Cocc.(1), Coff.(2), Croc.(1), Hydr.(1), Lach.(2), Op.(2), Spong.(1), Sumb.(1), Thea(1), Verat.(1)",16
17,"MIND - WILL - two, feels as if he had two wills"," Anac.(4), Anh.(1), Lach.(2), Naja(1)",4
18,MIND - WILL - muscles refuse to obey the will when attention is turned away, Hell.(2),1
19,MIND - WILL - loss of will power," Agar.(2), Anac.(1), Ang.(1), Anh.(1), Cann-i.(1), Kali-sil.(1), Merc.(1), Onos.(1), Op.(1), Petr.(1), Pic-ac.(1)",11
20,MIND - WILL - contradiction of," Acon.(1), Anac.(3), Caps.(1), Naja(1), Sep.(1)",5
21,MIND - WILDNESS," Acon.(1), Ant-t.(1), Bapt.(1), Bell.(1), Calc-p.(1), Camph.(1), Canth.(1), Croc.(1), Cupr.(1), Hyos.(1), Med.(1), Mosch.(1), Nat-s.(1), Op.(1), Petr.(1), Ph-ac.(1), Phos.(1), Stram.(2), Tarent.(1), Verat.(2)",20
22,"MIND - WILDNESS - vexation, from", Ph-ac.(1),1
23,MIND - WILDNESS - unpleasant news, Calc-p.(1),1
24,"MIND - WILDNESS - trifles, at", Ign.(1),1
25,"MIND - WILDNESS - pain in head (headache), during", Bapt.(1),1
26,"MIND - WILDNESS - bright light, odors, etc.", Colch.(2),1
27,MIND - WILDNESS - evening, Croc.(1),1
28,MIND - WILD feeling in head," Bapt.(1), Hell.(2), Lil-t.(1), Med.(2)",4
29,MIND - WICKED disposition," Anac.(1), Cocc.(1), Cur.(1)",3
30,MIND - WHISTLING," Bell.(1), Cann-i.(1), Cann-s.(1), Caps.(1), Carb-an.(1), Croc.(2), Lach.(2), Lachn.(1), Lyc.(2), Merc-i-f.(1), Plat.(2), Stram.(2), Sulph.(2)",13
31,MIND - WHISTLING - involuntary," Carb-an.(1), Lyc.(1)",2
32,"MIND - WHISTLING - fever, during", Caps.(1),1
33,MIND - WELL - says he is - when very sick," Apis(2), Arn.(3), Ars.(1), Cinnb.(1), Hyos.(1), Kreos.(1), Merc.(1), Op.(3), Puls.(1)",9
34,MIND - WELL - feels very well before being worse, Psor.(2),1
35,"MIND - WEEPING, tearful mood, etc."," Absin.(1), Acon.(2), Aeth.(1), Ail.(1), Alum.(2), Ambr.(1), Am-c.(1), Am-m.(2), Amyg.(1), Anan.(1), Ang.(1), Anh.(1), Ant-c.(2), Ant-t.(2), Apis(3), Arg-met.(1), Arg-n.(2), Ars.(1), Ars-i.(1), Arum-m.(1), Asar.(1), Aster.(1), Aur.(2), Aur-ar.(1), Aur-m.(1), Bar-c.(1), Bell.(2), Benz.(1), Berb.(1), Borx.(1), Bry.(2), Bufo(1), Cact.(2), Calc.(3), Calc-p.(2), Calc-s.(3), Camph.(1), Cann-i.(1), Cann-s.(1), Canth.(1), Caps.(1), Carb-an.(1), Carbn-s.(3), Carb-v.(2), Card-m.(1), Carl.(1), Castm.(1), Caust.(3), Cedr.(1), Cham.(2), Chel.(2), Chen-a.(1), Chin.(1), Chinin-ar.(1), Chinin-s.(2), Cic.(3), Cimic.(2), Cina(2), Clem.(1), Cocc.(2), Coff.(2), Colch.(1), Coloc.(1), Con.(2), Cop.(1), Croc.(1), Crot-h.(2), Cupr.(2), Cur.(1), Cycl.(1), Der.(1), Dig.(2), Dros.(1), Dulc.(1), Eup-pur.(1), Ferr.(2), Ferr-ar.(1), Ferr-i.(1), Ferr-p.(1), Gels.(1), Gent-c.(1), Glon.(1), Graph.(3), Hell.(2), Hep.(2), Hura(1), Hyos.(1), Ign.(3), Iod.(2), Ip.(1), Kali-ar.(1), Kali-bi.(2), Kali-br.(3), Kali-c.(2), Kali-i.(1), Kali-n.(1), Kali-p.(2), Kali-s.(1), Lac-c.(3), Lach.(1), Lachn.(1), Lact.(1), Laur.(1), Led.(1), Lil-t.(2), Lith-c.(1), Lob.(1), Lob-s.(1), Lyc.(3), Lyss.(1), Mag-m.(2), Mag-p.(1), Mag-s.(1), Mang.(2), Med.(2), Meli.(2), Meny.(1), Merc.(1), Merc-i-r.(2), Merl.(1), Mez.(1), Mosch.(1), Naja(1), Nat-ar.(1), Nat-c.(1), Nat-m.(3), Nat-p.(2), Nat-s.(2), Nicc.(1), Nit-ac.(2), Nux-m.(2), Nux-v.(2), Op.(1), Pall.(3), Petr.(2), Ph-ac.(2), Phel.(2), Phos.(2), Plat.(3), Plb.(1), Psor.(1), Puls.(4), Ran-b.(1), Rheum(1), Rhus-t.(3), Ruta(1), Sabin.(1), Sars.(1), Sec.(1), Sep.(3), Sil.(1), Sol-nig.(1), Spig.(1), Spong.(2), Squil.(1), Stann.(3), Staph.(2), Stram.(1), Stront-c.(1), Stry.(2), Sul-ac.(2), Sulph.(3), Tab.(1), Tarent.(2), Thuja(1), Til.(1), Ust.(1), Verat.(3), Viol-o.(2), Viol-t.(1), Zinc.(1)",171
36,"MIND - WEEPING, tearful mood, etc. - whimpering"," Aur.(2), Bell.(1), Calc-p.(1), Cham.(2), Hyos.(1), Ign.(1), Merc.(2), Nit-ac.(1), Nux-v.(1), Verat.(1)",10
37,"MIND - WEEPING, tearful mood, etc. - walking in open air, when"," Bell.(1), Calc.(1), Coff.(1), Sep.(2)",4
38,"MIND - WEEPING, tearful mood, etc. - walking in open air, when - amel."," Puls.(2), Rhus-t.(2)",2
39,"MIND - WEEPING, tearful mood, etc. - waking, on"," Alum.(1), Am-c.(1), Am-m.(1), Bell.(1), Bufo(1), Carb-an.(1), Chinin-s.(1), Cina(1), Hyos.(1), Ign.(1), Kali-i.(1), Lach.(1), Lyc.(1), Merc.(1), Nicc.(1), Nux-v.(1), Op.(1), Phos.(1), Plan.(1), Puls.(1), Raph.(1), Sil.(1), Sulph.(1)",23
40,"MIND - WEEPING, tearful mood, etc. - violent"," Hydr-ac.(1), Stram.(1)",2
41,"MIND - WEEPING, tearful mood, etc. - vexation, from"," Ambr.(1), Arn.(1), Bell.(1), Calad.(1), Caust.(1), Cham.(1), Cocc.(1), Coff.(1), Ign.(1), Lac-c.(1), Lil-t.(1), Mosch.(1), Nux-v.(1), Petr.(1), Plat.(1), Puls.(1), Sabin.(1), Spong.(1), Staph.(1), Sulph.(1), Tarent.(1), Zinc.(2)",22
42,"MIND - WEEPING, tearful mood, etc. - urination - before - children", Borx.(1),1
43,"MIND - WEEPING, tearful mood, etc. - trifles, at"," Ant-c.(1), Arg-met.(1), Bufo(1), Calc.(1), Caust.(3), Cina(1), Cocc.(1), Con.(1), Nat-m.(1), Oena.(1), Petr.(1), Puls.(1), Sil.(1), Stram.(1)",14
44,"MIND - WEEPING, tearful mood, etc. - trifles, at - at the least worry, children"," Caust.(2), Lyc.(1), Nit-ac.(1)",3
45,"MIND - WEEPING, tearful mood, etc. - touched, when"," Ant-c.(1), Ant-t.(1), Cham.(3), Cina(1)",4
46,"MIND - WEEPING, tearful mood, etc. - thanked, when", Lyc.(3),1
47,"MIND - WEEPING, tearful mood, etc. - telling - telling of her sickness (story, disease), when"," Camph.(1), Con.(1), Ign.(1), Kali-c.(2), Med.(2), Nat-m.(1), Nit-ac.(1), Puls.(3), Sep.(2), Sil.(1), Staph.(1), Tub.(1)",12
48,"MIND - WEEPING, tearful mood, etc. - symptoms amel."," Anac.(2), Anth.(2), Colch.(1), Cycl.(1), Dig.(2), Gels.(2), Graph.(2), Ign.(1), Lyc.(2), Med.(2), Merc.(1), Nit-ac.(1), Phos.(1), Plat.(2), Puls.(3), Sep.(1), Tab.(1)",17
49,"MIND - WEEPING, tearful mood, etc. - sympathy with others"," Carl.(1), Caust.(1)",2
50,"MIND - WEEPING, tearful mood, etc. - stool - during"," Aeth.(2), Borx.(2), Cham.(2), Cina(1), Phos.(1), Rhus-t.(1), Sil.(1), Sulph.(1)",8
51,"MIND - WEEPING, tearful mood, etc. - stool - before"," Borx.(1), Phos.(1), Puls.(1), Rhus-t.(1)",4
52,"MIND - WEEPING, tearful mood, etc. - spoken to, when"," Ign.(1), Med.(2), Nat-m.(2), Plat.(2), Sil.(1), Staph.(2), Thuja(1)",7
53,"MIND - WEEPING, tearful mood, etc. - spasms, after", Caust.(2),1
54,"MIND - WEEPING, tearful mood, etc. - spasmodic"," Alum.(1), Caust.(3), Ign.(1), Lach.(1)",4
55,"MIND - WEEPING, tearful mood, etc. - sleep, in"," All-s.(1), Alum.(2), Ant-t.(1), Ars.(1), Aur.(2), Bar-c.(1), Bell.(1), Bufo(1), Calc.(1), Calc-p.(2), Camph.(1), Carb-an.(1), Carbn-s.(1), Caust.(2), Cham.(3), Chin.(1), Chinin-s.(1), Cina(1), Con.(2), Cur.(1), Fl-ac.(1), Glon.(1), Graph.(1), Hyos.(2), Ign.(1), Ip.(1), Kali-ar.(1), Kali-c.(2), Kali-i.(1), Kreos.(1), Lach.(2), Lyc.(1), Mag-c.(1), Mag-m.(1), Merc.(2), Nat-m.(2), Nicc.(1), Nit-ac.(2), Nux-v.(2), Op.(2), Phos.(1), Puls.(2), Rheum(1), Rhus-t.(1), Rob.(1), Samb.(2), Sarr.(1), Sil.(2), Spong.(2), Stann.(1), Sulph.(1), Tab.(1), Tarent.(1), Thuja(1)",54
56,"MIND - WEEPING, tearful mood, etc. - sleep, in - good during the day, screaming and restless all night", Jal.(2),1
57,"MIND - WEEPING, tearful mood, etc. - sits and weeps", Ambr.(2),1
58,"MIND - WEEPING, tearful mood, etc. - singing, when", Hura(1),1
59,"MIND - WEEPING, tearful mood, etc. - sad - sad thoughts, at"," Alum.(1), Carb-v.(1), Cina(1), Kali-c.(1), Phel.(1), Plat.(1), Puls.(1), Stram.(1)",8
60,"MIND - WEEPING, tearful mood, etc. - room, in", Plat.(2),1
61,"MIND - WEEPING, tearful mood, etc. - rising, after", Am-c.(1),1
62,"MIND - WEEPING, tearful mood, etc. - remonstrated, when"," Bell.(1), Calc.(1), Ign.(1), Kali-c.(2), Nit-ac.(1), Plat.(1), Staph.(1)",7
63,"MIND - WEEPING, tearful mood, etc. - refused anything, when"," Bell.(1), Cham.(1), Ign.(1)",3
64,"MIND - WEEPING, tearful mood, etc. - reading, while"," Crot-h.(2), Lach.(1)",2
65,"MIND - WEEPING, tearful mood, etc. - pregnancy, during"," Apis(1), Ign.(1), Mag-c.(2), Nat-m.(1), Puls.(3), Sep.(2), Stann.(1)",7
66,"MIND - WEEPING, tearful mood, etc. - poetry, at soothing", Lach.(1),1
67,"MIND - WEEPING, tearful mood, etc. - pitied, if he believes he is", Nat-m.(2),1
68,"MIND - WEEPING, tearful mood, etc. - perspiration, during the"," Acon.(1), Arn.(1), Aur.(1), Bell.(3), Bry.(1), Calc.(2), Calc-s.(1), Camph.(2), Cham.(2), Chin.(1), Cupr.(3), Graph.(1), Lyc.(3), Nux-v.(1), Op.(3), Petr.(2), Phos.(1), Puls.(2), Rheum(1), Rhus-t.(1), Sep.(1), Spong.(2), Stram.(2), Sulph.(1), Verat.(1)",25
69,"MIND - WEEPING, tearful mood, etc. - past events, thinking of", Nat-m.(2),1
70,"MIND - WEEPING, tearful mood, etc. - paroxysmal"," Phos.(1), Stry.(1)",2
71,"MIND - WEEPING, tearful mood, etc. - palpitation, during", Phos.(1),1
72,"MIND - WEEPING, tearful mood, etc. - pains, with the"," Apoc.(2), Cham.(1), Coff.(2), Mez.(1), Plat.(2), Puls.(1)",6
73,"MIND - WEEPING, tearful mood, etc. - pains, with the - during intermission of", Glon.(1),1
74,"MIND - WEEPING, tearful mood, etc. - pain in head (headache), with"," Antipyrin.(1), Coff.(2), Coloc.(1), Kali-c.(2), Kreos.(1), Lyss.(1), Phos.(1), Plat.(1), Ran-b.(1), Sep.(1)",10
75,"MIND - WEEPING, tearful mood, etc. - opposition, at least", Nux-v.(1),1
76,"MIND - WEEPING, tearful mood, etc. - nursing, while"," Lac-c.(2), Puls.(3)",2
77,"MIND - WEEPING, tearful mood, etc. - noise, at"," Aeth.(1), Ign.(1), Kreos.(1), Lach.(2)",4
78,"MIND - WEEPING, tearful mood, etc. - nightmare, after", Guaj.(1),1
79,"MIND - WEEPING, tearful mood, etc. - nervous - feels like crying all the time, but it makes her worse", Stann.(1),1
80,"MIND - WEEPING, tearful mood, etc. - nervous - all day"," Bry.(1), Caust.(1), Lac-c.(1), Lyc.(1), Stram.(1)",5
81,"MIND - WEEPING, tearful mood, etc. - nervous - feels so, she would scream unless she held on to something", Sep.(2),1
82,"MIND - WEEPING, tearful mood, etc. - need, about a fancied", Chin.(1),1
83,"MIND - WEEPING, tearful mood, etc. - music, from"," Ambr.(2), Dig.(1), Graph.(3), Kali-n.(1), Kreos.(2), Nat-c.(2), Nat-s.(1), Nux-v.(1), Thuja(2)",9
84,"MIND - WEEPING, tearful mood, etc. - music, from - piano, of"," Cop.(1), Nat-c.(2)",2
85,"MIND - WEEPING, tearful mood, etc. - music, from - bells, of", Ant-c.(1),1
86,"MIND - WEEPING, tearful mood, etc. - mortification, after"," Coloc.(1), Puls.(1)",2
87,"MIND - WEEPING, tearful mood, etc. - micturition (urination) - during"," Erig.(1), Sars.(2)",2
88,"MIND - WEEPING, tearful mood, etc. - micturition (urination) - before"," Borx.(2), Lyc.(2), Sars.(2)",3
89,"MIND - WEEPING, tearful mood, etc. - menses - after"," Alum.(1), Con.(1), Lyc.(1), Phos.(1), Stram.(2)",5
90,"MIND - WEEPING, tearful mood, etc. - menses - during"," Ars.(2), Cact.(1), Calc.(1), Caust.(1), Cocc.(2), Coff.(2), Con.(1), Cycl.(1), Graph.(1), Hyos.(1), Ign.(2), Ind.(1), Lach.(1), Lyc.(1), Nat-m.(2), Petr.(2), Phos.(1), Phyt.(2), Plat.(2), Puls.(2), Sec.(1), Sep.(1), Stram.(2), Thuja(1), Verat.(1), Zinc.(1)",26
91,"MIND - WEEPING, tearful mood, etc. - menses - during - which does her no good", Cycl.(1),1
92,"MIND - WEEPING, tearful mood, etc. - menses - before"," Cact.(2), Con.(1), Lyc.(2), Nat-m.(1), Nux-v.(2), Phos.(2), Puls.(2), Sep.(1), Stann.(1), Zinc.(2)",10
93,"MIND - WEEPING, tearful mood, etc. - menopause, during", Sulph.(3),1
94,"MIND - WEEPING, tearful mood, etc. - meeting people, when", Aur.(2),1
95,"MIND - WEEPING, tearful mood, etc. - lying, while", Euphr.(1),1
96,"MIND - WEEPING, tearful mood, etc. - looked at, when", Nat-m.(2),1
97,"MIND - WEEPING, tearful mood, etc. - joy, from"," Coff.(2), Lach.(1), Plat.(2), Puls.(1)",4
98,"MIND - WEEPING, tearful mood, etc. - involuntary"," Alum.(2), Aster.(1), Aur.(2), Bell.(2), Cann-i.(2), Caust.(2), Cina(1), Coff.(1), Cupr.(1), Ign.(3), Lach.(1), Merc.(1), Mosch.(1), Nat-m.(3), Phos.(1), Plat.(3), Plb.(1), Puls.(3), Rhus-t.(3), Sep.(3), Stann.(1), Stram.(1), Verat.(1), Viol-o.(1)",24
99,"MIND - WEEPING, tearful mood, etc. - involuntary - amel. by vinegar", Stram.(1),1
100,"MIND - WEEPING, tearful mood, etc. - interrupted, when", Puls.(2),1
101,"MIND - WEEPING, tearful mood, etc. - illness - during", Calad.(1),1
102,"MIND - WEEPING, tearful mood, etc. - hysterical"," Asar.(1), Aur-ar.(1), Aur-i.(1), Ign.(2), Nat-m.(2)",5
103,"MIND - WEEPING, tearful mood, etc. - heat, during the"," Acon.(3), Apis(1), Bell.(3), Bry.(1), Calc.(1), Caps.(2), Cham.(1), Coff.(1), Cupr.(1), Graph.(1), Ign.(1), Ip.(1), Lyc.(2), Petr.(2), Plat.(1), Puls.(3), Spig.(2), Spong.(3), Stram.(2), Sulph.(1), Til.(1), Verat.(1)",22
104,"MIND - WEEPING, tearful mood, etc. - hallucination, after", Dulc.(1),1
105,"MIND - WEEPING, tearful mood, etc. - goes off alone and weeps as if she had no friends", Bar-c.(1),1
106,"MIND - WEEPING, tearful mood, etc. - future, about the", Lyc.(1),1
107,"MIND - WEEPING, tearful mood, etc. - excitement, from (excitable)"," Con.(3), Lach.(3)",2
108,"MIND - WEEPING, tearful mood, etc. - emotion - after slight"," Aster.(1), Kreos.(1), Lyc.(1), Naja(1), Plb.(2)",5
109,"MIND - WEEPING, tearful mood, etc. - emission, after an", Hipp.(1),1
110,"MIND - WEEPING, tearful mood, etc. - eating - after"," Arg-n.(1), Arn.(1), Iod.(1), Mag-m.(1), Puls.(1)",5
111,"MIND - WEEPING, tearful mood, etc. - eating - while", Carb-an.(1),1
112,"MIND - WEEPING, tearful mood, etc. - disturbed at work, when", Puls.(2),1
113,"MIND - WEEPING, tearful mood, etc. - delirium - after", Nat-s.(1),1
114,"MIND - WEEPING, tearful mood, etc. - dark, in", Stram.(1),1
115,"MIND - WEEPING, tearful mood, etc. - coughing - after"," Arn.(1), Bell.(1), Caps.(1), Cina(1), Hep.(1), Op.(1)",6
116,"MIND - WEEPING, tearful mood, etc. - coughing - during"," Ant-t.(1), Arn.(1), Ars.(1), Bell.(2), Cain.(2), Cham.(1), Chin.(1), Cina(2), Hep.(3), Ip.(1), Lyc.(1), Osm.(1), Ph-ac.(1), Samb.(1), Sep.(1), Sil.(1), Spong.(1), Sulph.(1), Verat.(1)",19
117,"MIND - WEEPING, tearful mood, etc. - coughing - before"," Ant-t.(1), Arn.(2), Bell.(3), Borx.(1), Bry.(3), Hep.(3)",6
118,"MIND - WEEPING, tearful mood, etc. - convulsive", Mag-p.(2),1
119,"MIND - WEEPING, tearful mood, etc. - convulsions - during"," Absin.(1), Cham.(1), Cupr.(1), Plb.(1)",4
120,"MIND - WEEPING, tearful mood, etc. - convulsions - after"," Absin.(1), Caust.(1)",2
121,"MIND - WEEPING, tearful mood, etc. - contradiction, from"," Cham.(1), Ign.(1), Nux-v.(1), Stram.(1), Tarent.(1)",5
122,"MIND - WEEPING, tearful mood, etc. - consolation - agg."," Bell.(1), Cact.(1), Calc.(1), Calc-p.(2), Chin.(1), Hell.(1), Ign.(1), Kali-c.(1), Lil-t.(1), Lyc.(1), Merc.(1), Nat-m.(3), Nit-ac.(1), Nux-v.(1), Plat.(2), Sep.(3), Sil.(3), Staph.(1), Sulph.(1), Tarent.(1), Thuja(1)",21
123,"MIND - WEEPING, tearful mood, etc. - chill - during the"," Acon.(1), Ars.(1), Aur.(2), Bell.(3), Calc.(3), Cann-s.(1), Carb-v.(2), Cham.(3), Con.(1), Hep.(1), Ign.(1), Kali-c.(1), Lyc.(3), Merc.(1), Nat-m.(1), Petr.(2), Plat.(1), Puls.(3), Sel.(1), Sil.(1), Stram.(1), Sulph.(1), Verat.(1), Viol-o.(3)",24
124,"MIND - WEEPING, tearful mood, etc. - children, in"," Ant-c.(1), Borx.(1), Cham.(1), Puls.(1), Syph.(2)",5
125,"MIND - WEEPING, tearful mood, etc. - children, in - toss all night"," Psor.(2), Rheum(2)",2
126,"MIND - WEEPING, tearful mood, etc. - children, in - dentition (teething in children), from difficult"," Cham.(3), Phyt.(1)",2
127,"MIND - WEEPING, tearful mood, etc. - causeless"," Acon.(1), Apis(3), Ars.(1), Bell.(1), Camph.(1), Cina(2), Graph.(2), Hura(1), Kali-ar.(1), Kali-br.(1), Kali-c.(1), Kreos.(1), Lyc.(2), Nat-m.(2), Nit-ac.(1), Puls.(3), Staph.(1), Sulph.(3), Tarent.(1), Viol-o.(1), Zinc.(2)",21
128,"MIND - WEEPING, tearful mood, etc. - causeless - without knowing why"," Anthraci.(1), Kali-c.(1), Rhus-t.(3), Sep.(1)",4
129,"MIND - WEEPING, tearful mood, etc. - carried, when", Chel.(1),1
130,"MIND - WEEPING, tearful mood, etc. - carried, when - is quiet only when carried"," Cham.(3), Cina(1)",2
131,"MIND - WEEPING, tearful mood, etc. - carried, when - child cries piteously if taken hold of or carried", Cina(2),1
132,"MIND - WEEPING, tearful mood, etc. - caressing, from"," Chin.(1), Ign.(1)",2
133,"MIND - WEEPING, tearful mood, etc. - cannot weep, though sad"," Aeth.(1), Carc.(1), Gels.(2), Ign.(3), Nat-m.(3), Nux-v.(2), Sep.(2)",7
134,"MIND - WEEPING, tearful mood, etc. - bells, sound of", Ant-c.(1),1
135,"MIND - WEEPING, tearful mood, etc. - avoid, desire to"," Ign.(2), Nat-m.(2)",2
136,"MIND - WEEPING, tearful mood, etc. - answering a question at", Puls.(3),1
137,"MIND - WEEPING, tearful mood, etc. - anger - after"," Arn.(1), Bar-i.(1), Bell.(1), Cham.(2), Nat-m.(1), Nux-v.(2), Plat.(2), Puls.(2)",8
138,"MIND - WEEPING, tearful mood, etc. - anecdotes from", Lach.(2),1
139,"MIND - WEEPING, tearful mood, etc. - alternating with - queer antics", Cupr.(1),1
140,"MIND - WEEPING, tearful mood, etc. - alternating with - laughter"," Acon.(2), Alum.(1), Aur.(2), Bell.(1), Borx.(1), Bov.(1), Calc.(2), Cann-s.(1), Caps.(1), Coff.(2), Con.(1), Graph.(1), Hyos.(2), Ign.(2), Kali-p.(1), Lyc.(2), Merc.(3), Mosch.(1), Nat-m.(1), Nux-m.(3), Nux-v.(1), Phos.(2), Plat.(2), Puls.(2), Samb.(1), Sep.(1), Stram.(2), Sulph.(1), Sumb.(1), Tarent.(1), Valer.(3), Verat.(1), Ziz.(1)",33
141,"MIND - WEEPING, tearful mood, etc. - alternating with - irritability and laughter at trifles", Graph.(1),1
142,"MIND - WEEPING, tearful mood, etc. - alternating with - ill humour"," Bell.(1), Kali-i.(1)",2
143,"MIND - WEEPING, tearful mood, etc. - alternating with - cheerfulness"," Acon.(1), Arg-met.(1), Bell.(1), Borx.(1), Cann-s.(1), Carb-an.(1), Ign.(1), Iod.(1), Plat.(1), Spong.(1)",10
144,"MIND - WEEPING, tearful mood, etc. - aloud"," Alum.(1), Cham.(1), Cic.(1), Coff.(1), Hyos.(1), Lyc.(3), Nat-c.(1), Nat-m.(1), Nux-v.(1), Phos.(1), Plat.(1), Plect.(1), Puls.(1), Sabin.(1), Staph.(1), Sulph.(1)",16
145,"MIND - WEEPING, tearful mood, etc. - alone, when"," Anth.(1), Con.(1), Ign.(1), Nat-m.(2)",4
146,"MIND - WEEPING, tearful mood, etc. - air, in open"," Carb-v.(1), Hura(1)",2
147,"MIND - WEEPING, tearful mood, etc. - air, in open - amel."," Coff.(1), Nat-s.(2), Plat.(2), Puls.(3)",4
148,"MIND - WEEPING, tearful mood, etc. - agg."," Ant-t.(1), Arn.(2), Bell.(2), Borx.(1), Canth.(1), Cham.(1), Croc.(2), Cupr.(2), Hep.(1), Lach.(1), Nit-ac.(1), Stann.(2), Teucr.(2), Verat.(2)",14
149,"MIND - WEEPING, tearful mood, etc. - admonitions, cause"," Bell.(1), Calc.(2), Chin.(1), Ign.(1), Kali-c.(2), Lyc.(2), Nat-m.(1), Nit-ac.(1), Plat.(1), Staph.(1)",10
150,"MIND - WEEPING, tearful mood, etc. - night"," Alum.(1), Am-c.(1), Anac.(1), Arn.(1), Ars.(1), Aur.(1), Bar-c.(1), Bell.(1), Borx.(2), Bry.(1), Calc.(1), Carb-an.(1), Caust.(1), Cham.(1), Chel.(1), Chin.(2), Chinin-s.(1), Cina(2), Con.(1), Hipp.(1), Hyos.(1), Ign.(1), Indg.(1), Ip.(1), Kali-ar.(1), Kali-c.(1), Kali-i.(1), Lac-c.(1), Lach.(2), Lyc.(1), Mag-c.(2), Merc.(1), Nat-m.(2), Nit-ac.(1), Nux-v.(2), Op.(1), Ph-ac.(1), Phos.(1), Phyt.(2), Psor.(2), Puls.(2), Rheum(1), Rhus-t.(1), Sil.(1), Spong.(1), Stann.(1), Stram.(2), Sulph.(1), Tab.(1), Tarent.(1), Thuja(1), Verat.(1)",52
151,"MIND - WEEPING, tearful mood, etc. - night - waking, on"," Chinin-s.(1), Sil.(1)",2
152,"MIND - WEEPING, tearful mood, etc. - night - weeps all night, laughs all day", Stram.(1),1
153,"MIND - WEEPING, tearful mood, etc. - evening"," Acon.(1), Alum.(1), Am-c.(1), Am-m.(1), Calc.(2), Carb-an.(1), Clem.(1), Coca(1), Graph.(2), Hyper.(1), Kali-c.(1), Kali-i.(1), Mez.(1), Nat-m.(1), Plat.(2), Ran-b.(2), Rhus-t.(2), Sil.(1), Stram.(1), Sulph.(1), Verat.(2)",21
154,"MIND - WEEPING, tearful mood, etc. - evening - amel, in"," Am-c.(1), Castm.(1), Graph.(1)",3
155,"MIND - WEEPING, tearful mood, etc. - afternoon"," Carb-v.(1), Castm.(1), Cop.(1), Dig.(1), Phos.(1), Sil.(2), Tarent.(1)",7
156,"MIND - WEEPING, tearful mood, etc. - afternoon - from 16:00 to 20:00", Lyc.(3),1
157,"MIND - WEEPING, tearful mood, etc. - afternoon - 16:00", Puls.(1),1
158,"MIND - WEEPING, tearful mood, etc. - forenoon - inclined to, at 11:00", Sulph.(3),1
159,"MIND - WEEPING, tearful mood, etc. - morning"," Alumn.(1), Am-c.(1), Bell.(1), Borx.(1), Canth.(1), Carb-an.(1), Dulc.(1), Kreos.(1), Lach.(2), Phos.(1), Plat.(1), Prun.(1), Puls.(1), Rhus-t.(1), Sars.(1), Sil.(1), Spong.(1), Stram.(1), Sulph.(1), Tarent.(1)",20
160,"MIND - WEEPING, tearful mood, etc. - daytime"," Alum.(1), Bry.(1), Lyc.(1), Mez.(1)",4
161,MIND - WEARY of life," Agn.(1), Ambr.(1), Am-c.(1), Ant-c.(1), Apis(1), Aran-ix.(1), Ars.(3), Aur.(3), Bell.(2), Berb.(1), Bov.(1), Calc.(1), Carb-v.(1), Caust.(1), Chin.(3), Chinin-ar.(1), Grat.(1), Hep.(1), Hipp.(1), Hyos.(1), Kali-p.(2), Kreos.(1), Lach.(1), Laur.(1), Led.(1), Lyc.(1), Manc.(1), Merc.(1), Mez.(1), Mur-ac.(1), Nat-c.(1), Nat-m.(2), Nit-ac.(2), Nux-v.(2), Phos.(3), Phyt.(1), Pitu.(3), Plat.(1), Plb.(1), Puls.(2), Rhus-t.(2), Rhus-v.(1), Ruta(1), Sep.(1), Sil.(2), Spong.(1), Staph.(1), Stram.(1), Sul-ac.(1), Sulph.(1), Thuja(1), Valer.(1), Verat.(1)",53
162,MIND - WEARY of life - walking in open air - while, Bell.(1),1
163,MIND - WEARY of life - perspiration agg.," Alum.(1), Aur.(2), Calc.(3), Hep.(1), Merc.(2), Sil.(1)",6
164,MIND - WEARY of life - menses - during, Berb.(1),1
165,"MIND - WEARY of life - heat, during"," Bell.(1), Chin.(1), Lach.(1), Stram.(1), Valer.(1)",5
166,"MIND - WEARY of life - air, in open", Mur-ac.(1),1
167,MIND - WEARY of life - night," Ant-c.(1), Nux-v.(1)",2
168,MIND - WEARY of life - evening," Aur.(3), Dros.(1), Hep.(1), Kali-chl.(1), Rhus-t.(1), Ruta(1), Spig.(1)",7
169,MIND - WEARY of life - afternoon," Mur-ac.(1), Ruta(1)",2
170,MIND - WEARY of life - forenoon, Apis(1),1
171,"MIND - WEARY of life - morning - waking, on"," Nat-c.(1), Phyt.(1)",2
172,"MIND - WEARY of life - morning - bed, in", Lyc.(1),1
173,MIND - WEARISOME," Acetan.(1), Acon.(1), Aeth.(1), Alum.(1), Am-m.(1), Anac.(1), Ant-c.(1), Arg-n.(1), Arn.(1), Ars.(1), Asar.(1), Bell.(1), Bism.(1), Bov.(1), Bry.(1), Calc.(1), Calc-s.(2), Cann-s.(1), Caps.(1), Carb-an.(1), Caust.(1), Cham.(1), Chin.(1), Clem.(1), Cocc.(1), Colch.(1), Coloc.(1), Con.(1), Cupr.(1), Cycl.(1), Dig.(1), Euon.(2), Graph.(1), Grat.(2), Guaj.(1), Hep.(1), Ign.(1), Indg.(1), Ip.(1), Kali-c.(1), Kreos.(1), Lach.(1), Led.(1), Lyc.(1), Mang.(2), Merc.(1), Mez.(1), Mur-ac.(1), Nat-c.(1), Nat-m.(1), Nat-s.(1), Nit-ac.(1), Nux-v.(1), Olnd.(1), Petr.(1), Ph-ac.(2), Phos.(1), Plat.(1), Puls.(1), Ran-b.(1), Rat.(1), Rheum(1), Rhus-t.(1), Sabin.(1), Samb.(1), Sars.(1), Sep.(1), Spong.(1), Squil.(1), Staph.(2), Stront-c.(2), Sul-ac.(2), Sulph.(1), Teucr.(1), Thuja(1), Verb.(1), Viol-t.(1), Zinc.(2)",78
174,"MIND - WEARISOME - air, in open"," Aeth.(1), Sabin.(1)",2
175,MIND - WEARISOME - evening," Mag-c.(1), Puls.(1), Zinc.(2)",3
176,MIND - WEARISOME - morning, Am-c.(1),1
177,MIND - WEAK character," Agar.(2), Caust.(2), Lyc.(2), Sil.(2)",4
178,MIND - WASHING - desire to - always washing her hands," Ars.(1), Coca(1), Cur.(1), Lac-c.(2), Med.(2), Nat-m.(2), Psor.(2), Sep.(1), Sulph.(2), Syph.(4), Thuja(1)",11
179,MIND - WANTS - nothing, Op.(2),1
180,MIND - WANDER - desires to," Calc-p.(2), Cimic.(1), Merc.(1), Sanic.(1), Tub.(2), Verat.(1)",6
181,MIND - WALKING - slowly - and dignified, Caj.(1),1
182,MIND - WALKING - rapidly - from anxiety," Arg-n.(1), Fl-ac.(2), Sep.(2)",3
183,MIND - WALKING - rapidly - agg., Ang.(1),1
184,MIND - WALKING - rapidly - agg. - confusion and sense of contraction of the head, Ang.(1),1
185,"MIND - waking, wakened, being, agg.", Cocc.(1),1
186,MIND - VIVACIOUS," Aloe(1), Alum.(1), Ang.(1), Apis(2), Arg-met.(1), Cann-s.(1), Chin.(1), Cob.(1), Cocc.(1), Coff.(2), Crot-h.(1), Cupr.(1), Cycl.(1), Gels.(1), Glon.(1), Hipp.(1), Hyos.(2), Lach.(3), Nat-c.(1), Nux-v.(1), Par.(1), Petr.(1), Ph-ac.(1), Sabad.(1), Sul-ac.(1), Valer.(1), Verat.(1)",27
187,MIND - VIVACIOUS - alternating with - sorrow, Tarent.(1),1
188,"MIND - VIOLENT, vehement, etc."," Abrot.(1), Acon.(1), Aesc.(1), Ambr.(1), Am-c.(1), Anac.(2), Ang.(1), Apis(1), Arn.(1), Ars.(1), Aur.(3), Bar-c.(1), Bell.(3), Borx.(1), Bry.(2), Calc.(1), Calc-p.(1), Camph.(1), Canth.(1), Carbn-s.(2), Carb-v.(2), Caust.(1), Cham.(2), Cic.(3), Coloc.(1), Corn.(1), Croc.(1), Cupr.(1), Dros.(1), Dulc.(1), Ferr.(1), Graph.(1), Hep.(1), Hyos.(3), Iod.(1), Kali-c.(1), Kali-p.(2), Lach.(1), Led.(2), Lyc.(2), Lyss.(3), Mang.(1), Med.(1), Merc.(1), Merl.(1), Mez.(1), Mosch.(1), Nat-c.(1), Nat-m.(2), Nit-ac.(1), Nux-v.(3), Olnd.(1), Petr.(2), Phos.(2), Plat.(1), Ran-b.(1), Sabad.(1), Seneg.(1), Sep.(2), Stann.(1), Stram.(4), Stront-c.(1), Sulph.(2), Tarent.(2), Tub.(2), Verat.(2), Visc.(2)",67
189,"MIND - VIOLENT, vehement, etc. - pain, from"," Aur.(3), Cham.(3), Hep.(3)",3
190,"MIND - VIOLENT, vehement, etc. - deeds of violence, rage, leading to"," Anac.(1), Aur.(2), Bar-c.(1), Bell.(2), Chin.(1), Cocc.(1), Con.(1), Hep.(2), Hyos.(1), Ign.(2), Lach.(1), Lyc.(1), Mosch.(1), Nat-c.(1), Nux-v.(2), Plat.(1), Stram.(3), Tarent.(1), Zinc.(1)",19
191,"MIND - VIOLENT, vehement, etc. - evening", Mill.(1),1
192,"MIND - VIOLENT, vehement, etc. - evening - trifles, at"," Hep.(1), Nat-m.(2)",2
193,"MIND - VIOLENT, vehement, etc. - evening - siesta - after", Caust.(1),1
194,"MIND - VIOLENT, vehement, etc. - evening - dinner - after", Mill.(1),1
195,"MIND - VIOLENT, vehement, etc. - forenoon", Carb-v.(1),1
196,"MIND - VIOLENT, vehement, etc. - morning, in"," Calc.(1), Carb-v.(1), Gamb.(1), Graph.(1), Petr.(1), Psor.(1)",6
197,MIND - VIOLENCE - aversion to," Asar.(2), Calc.(1), Hep.(1), Mag-c.(2), Mag-m.(1), Phos.(1), Staph.(1), Stram.(2)",8
198,MIND - VERSES - makes," Agar.(2), Ant-c.(2), Cann-i.(1), Chin.(1), Staph.(1), Stram.(1), Thea(1)",7
199,"MIND - VERSES - makes - falling asleep, after", Nat-m.(1),1
200,MIND - VENERATION, Coff.(1),1
201,"MIND - USEFUL, desire to be", Cere-b.(2),1
202,"MIND - UNWORTHY, objects seem", Chin.(2),1
203,MIND - UNTRUTHFUL," Alco.(1), Arg-met.(1), Arg-n.(2), Morph.(1), Op.(3), Thuja(1), Verat.(2)",7
204,MIND - UNTIDY," Calc.(1), Merc.(2), Sulph.(3)",3
205,MIND - UNSYMPATHETIC," Anac.(2), Carb-v.(1), Dig.(2), Nit-ac.(1), Plat.(1)",5
206,"MIND - UNSYMPATHETIC - friends, towards", Arg-met.(1),1
207,"MIND - UNREAL, everything seems"," Ail.(1), Alum.(2), Aran-ix.(1), Cann-i.(1), Cann-s.(1), Cocc.(2), Lac-c.(1), Lil-t.(1), Med.(2), Staph.(1)",10
208,MIND - UNOBSERVING," Alum.(1), Asaf.(1), Asar.(1), Bar-c.(1), Caust.(2), Kali-c.(1), Merc.(1), Nat-c.(1), Petr.(1), Ph-ac.(1), Plat.(1), Sep.(1), Sulph.(1), Thuja(1)",14
209,MIND - UNFRIENDLY humor," Am-c.(1), Mag-m.(1), Plat.(1)",3
210,"MIND - UNFORTUNATE, feels"," Am-c.(1), Bry.(1), Chin.(2), Cub.(1), Hura(1), Ip.(1), Lyc.(1), Sep.(1), Verat.(1)",9
211,MIND - UNFEELING, Anac.(3),1
212,MIND - UNDERTAKES - things opposed to his intentions," Magt-p-a.(1), Sep.(1)",2
213,"MIND - UNDERTAKES - nothing, lest he fails"," Arg-n.(2), Sil.(1)",2
214,"MIND - UNDERTAKES - many things, perseveres in nothing"," Acon.(2), Lac-c.(2), Lach.(2), Med.(2), Plan.(1), Sanic.(1), Sulph.(1)",7
215,MIND - UNDERTAKES - lacks will power to undertake anything," Agar.(2), Phos.(1), Pic-ac.(2), Sulph.(1)",4
216,MIND - UNCONSCIOUSNESS," Absin.(1), Acet-ac.(1), Acon.(3), Act-sp.(1), Aesc.(1), Aeth.(1), Agar.(1), Ail.(2), Alum.(2), Ambr.(1), Am-c.(1), Am-m.(1), Amyg.(1), Anac.(2), Ant-c.(1), Anthraci.(1), Ant-t.(1), Apis(2), Apoc.(1), Arg-n.(2), Arn.(2), Ars.(2), Ars-h.(1), Arum-t.(2), Asar.(1), Aster.(2), Bapt.(2), Bar-c.(3), Bar-m.(2), Bell.(3), Benz.(1), Bism.(1), Bov.(1), Bry.(2), Bufo(1), Cact.(2), Cadm-s.(1), Calad.(2), Calc.(1), Camph.(2), Cann-i.(3), Cann-s.(1), Canth.(2), Carb-ac.(1), Carbn-h.(2), Carbn-o.(2), Carbn-s.(2), Carb-v.(2), Caust.(2), Cham.(2), Chel.(2), Chin.(2), Chinin-s.(1), Chlol.(1), Cic.(2), Cimic.(1), Cina(2), Cocc.(3), Coff.(2), Colch.(2), Con.(2), Cor-r.(1), Croc.(1), Crot-c.(2), Crot-h.(2), Cupr.(2), Cupr-ar.(1), Cycl.(2), Dig.(2), Dulc.(1), Elaps(1), Ether(1), Euph.(1), Ferr.(1), Ferr-ar.(1), Fl-ac.(1), Gels.(2), Glon.(2), Graph.(1), Guaj.(1), Ham.(1), Hell.(3), Hep.(2), Hydr-ac.(3), Hyos.(3), Ign.(3), Ip.(1), Kali-bi.(1), Kali-br.(2), Kali-c.(2), Kali-i.(1), Kali-n.(1), Kreos.(1), Lac-d.(2), Lach.(3), Lact.(1), Laur.(2), Led.(2), Lil-t.(2), Lob-p.(1), Lyc.(2), Mag-c.(1), Mag-m.(1), Manc.(1), Merc.(1), Merc-c.(2), Mez.(1), Mosch.(3), Mur-ac.(2), Naja(1), Nat-c.(1), Nat-m.(2), Nat-p.(1), Nit-ac.(1), Nux-m.(3), Nux-v.(2), Oena.(2), Ol-an.(2), Olnd.(2), Op.(3), Ox-ac.(1), Petr.(2), Ph-ac.(3), Phos.(2), Plat.(2), Plb.(2), Puls.(3), Ran-b.(1), Rheum(1), Rhod.(1), Rhus-t.(2), Ruta(1), Sabad.(1), Sabin.(1), Sars.(1), Sec.(2), Sel.(1), Sep.(1), Sil.(2), Sol-nig.(2), Spig.(1), Squil.(1), Stann.(1), Staph.(1), Stram.(2), Sul-ac.(1), Sulph.(2), Tab.(1), Tanac.(1), Tarax.(1), Tax.(1), Ter.(2), Valer.(1), Verat.(2), Verat-v.(1), Verb.(1), Vesp.(1), Viol-o.(1), Vip.(1), Visc.(1), Zinc.(2)",161
217,MIND - UNCONSCIOUSNESS - warm room," Acon.(2), Lach.(2), Lyc.(2), Puls.(3), Tab.(1)",5
218,"MIND - UNCONSCIOUSNESS - walking, while"," Calc.(1), Carb-an.(1), Grat.(1)",3
219,"MIND - UNCONSCIOUSNESS - walking, while - air, in open"," Canth.(1), Caust.(1), Sulph.(1)",3
220,MIND - UNCONSCIOUSNESS - waking - after," Con.(1), Kali-br.(1), Sel.(1), Stram.(1)",4
221,MIND - UNCONSCIOUSNESS - waking - on," Aesc.(1), Aster.(1), Chel.(1), Chin.(1), Mag-c.(1), Mez.(1), Nat-c.(1), Phos.(1)",8
222,MIND - UNCONSCIOUSNESS - vomiting - amel.," Acon.(1), Tab.(1), Tanac.(1)",3
223,MIND - UNCONSCIOUSNESS - vertigo - during," Acon.(1), Aeth.(1), Agar.(1), Arg-n.(1), Arn.(1), Ars.(1), Bell.(1), Borx.(1), Bov.(1), Canth.(1), Carb-an.(1), Chel.(1), Chinin-s.(1), Cocc.(1), Ferr.(1), Grat.(1), Iod.(1), Jatr-c.(1), Kreos.(1), Lach.(1), Laur.(1), Lyc.(1), Mag-c.(1), Merc.(1), Mez.(1), Mill.(1), Mosch.(1), Nat-m.(1), Nux-m.(1), Nux-v.(1), Op.(1), Ran-s.(1), Sec.(1), Sep.(1), Sil.(1), Stram.(1), Tab.(1), Zinc.(1)",38
224,"MIND - UNCONSCIOUSNESS - twitching of limbs, with"," Agar.(2), Cupr.(1), Op.(1)",3
225,"MIND - UNCONSCIOUSNESS - trifles, at", Sep.(2),1
226,MIND - UNCONSCIOUSNESS - transient," Arn.(1), Asaf.(1), Bov.(1), Bufo(1), Calad.(1), Calc.(1), Cann-i.(1), Canth.(1), Carb-an.(1), Chel.(1), Hep.(1), Ign.(3), Lyss.(1), Med.(1), Mosch.(2), Nat-m.(2), Ol-an.(1), Puls.(3), Rhus-t.(1), Sec.(1), Sil.(1), Zinc.(1)",22
227,"MIND - UNCONSCIOUSNESS - transient - afternoon - warm room, in", Puls.(3),1
228,"MIND - UNCONSCIOUSNESS - transient - morning - rising, on - drowsiness in head", Rhod.(1),1
229,"MIND - UNCONSCIOUSNESS - trance, as in a"," Lach.(3), Laur.(2), Tab.(1)",3
230,"MIND - UNCONSCIOUSNESS - talking, while", Lyc.(1),1
231,"MIND - UNCONSCIOUSNESS - suppression of eruptions, after", Zinc.(1),1
232,"MIND - UNCONSCIOUSNESS - sunstroke, in", Nat-c.(2),1
233,MIND - UNCONSCIOUSNESS - sudden," Absin.(1), Cann-i.(1), Canth.(2), Carbn-h.(1), Carbn-o.(1), Cocc.(2), Kali-c.(1), Nux-m.(1), Plb.(1)",9
234,"MIND - UNCONSCIOUSNESS - stooping, when"," Calc.(1), Hell.(1)",2
235,MIND - UNCONSCIOUSNESS - stool - after," Calc.(1), Cocc.(1), Phos.(2), Ter.(2)",4
236,MIND - UNCONSCIOUSNESS - stool - during," Aloe(1), Ox-ac.(1), Sulph.(2)",3
237,MIND - UNCONSCIOUSNESS - stool - before," Ars.(2), Dig.(1)",2
238,"MIND - UNCONSCIOUSNESS - standing, while"," Ant-t.(1), Aur.(1), Bov.(1), Lyc.(1), Nux-m.(1), Rhus-t.(1), Sars.(1)",7
239,"MIND - UNCONSCIOUSNESS - standing, while - having dress fitted", Nux-m.(1),1
240,"MIND - UNCONSCIOUSNESS - somnolence with, without snoring, eyes being closed", Ph-ac.(1),1
241,"MIND - UNCONSCIOUSNESS - sitting, while"," Asaf.(1), Bell.(1), Carb-an.(1), Caust.(2), Mosch.(1), Nat-m.(1), Sil.(1), Tarax.(1)",8
242,MIND - UNCONSCIOUSNESS - rubbing soles of feet amel., Chel.(1),1
243,"MIND - UNCONSCIOUSNESS - rising up, on"," Arn.(2), Bry.(3), Carb-v.(2), Verat.(2)",4
244,"MIND - UNCONSCIOUSNESS - riding, while"," Berb.(1), Grat.(1), Sep.(2), Sil.(1)",4
245,MIND - UNCONSCIOUSNESS - remains fixed in one spot, Nux-m.(1),1
246,MIND - UNCONSCIOUSNESS - remains fixed in one spot - motionless like a statue," Hyos.(1), Stram.(1)",2
247,"MIND - UNCONSCIOUSNESS - reading, from"," Asaf.(1), Cycl.(1), Tarax.(1)",3
248,"MIND - UNCONSCIOUSNESS - raising arms above head, on"," Lac-d.(2), Lach.(1)",2
249,"MIND - UNCONSCIOUSNESS - pregnancy, during"," Nux-m.(2), Nux-v.(2), Sec.(2)",3
250,MIND - UNCONSCIOUSNESS - perspiration - during, Samb.(1),1
251,MIND - UNCONSCIOUSNESS - periodical," Cic.(2), Fl-ac.(1), Lyc.(1)",3
252,"MIND - UNCONSCIOUSNESS - parturition (delivery), during"," Cimic.(2), Coff.(2), Nux-v.(3), Puls.(2), Sec.(2)",5
253,"MIND - UNCONSCIOUSNESS - pain, from"," Hep.(2), Nux-m.(2), Op.(2), Phyt.(1), Valer.(2)",5
254,"MIND - UNCONSCIOUSNESS - odors, from"," Nux-v.(3), Phos.(2)",2
255,"MIND - UNCONSCIOUSNESS - music, from"," Cann-i.(1), Sumb.(1)",2
256,"MIND - UNCONSCIOUSNESS - motion, on least"," Ars.(3), Verat.(2)",2
257,MIND - UNCONSCIOUSNESS - mental insensibility," Con.(1), Cycl.(1), Hell.(1), Hyos.(2), Laur.(1), Nux-m.(2), Oena.(1), Op.(1), Ph-ac.(1), Phos.(1), Sabad.(1), Sec.(1), Stram.(1)",13
258,MIND - UNCONSCIOUSNESS - menses - suppression of," Acon.(1), Cham.(1), Chin.(1), Con.(1), Lyc.(1), Nux-m.(3), Nux-v.(1), Verat.(1)",8
259,MIND - UNCONSCIOUSNESS - menses - after," Chin.(1), Lach.(2), Lyc.(2)",3
260,MIND - UNCONSCIOUSNESS - menses - during," Apis(1), Cocc.(1), Ign.(2), Lach.(3), Nux-m.(2), Nux-v.(1), Plb.(1), Puls.(1), Sars.(2), Sep.(1), Sulph.(1), Verat.(1)",12
261,MIND - UNCONSCIOUSNESS - menses - before," Murx.(2), Nux-m.(2)",2
262,"MIND - UNCONSCIOUSNESS - lying, while"," Carb-v.(2), Colch.(1), Mag-c.(1), Mag-m.(2)",4
263,"MIND - UNCONSCIOUSNESS - lying, while - with outstretched arms, screaming and tossing", Canth.(2),1
264,MIND - UNCONSCIOUSNESS - looking - upwards, Lach.(1),1
265,"MIND - UNCONSCIOUSNESS - looking - downward, on", Salam.(1),1
266,MIND - UNCONSCIOUSNESS - lies as if dead," Arn.(1), Carb-v.(1)",2
267,MIND - UNCONSCIOUSNESS - knows no one but answers correctly when touched or spoken to, Cic.(1),1
268,MIND - UNCONSCIOUSNESS - interrupted by screaming, Bell.(1),1
269,MIND - UNCONSCIOUSNESS - incomplete," Ars.(1), Carb-ac.(1), Chlor.(1), Crot-h.(1), Cupr.(1), Cupr-ar.(1), Morph.(1), Sec.(1), Stram.(1), Sul-ac.(1)",10
270,"MIND - UNCONSCIOUSNESS - pain in head (headache), with - moving, on"," Calc.(1), Carb-an.(1), Nat-m.(1), Rhus-t.(1)",4
271,MIND - UNCONSCIOUSNESS - frequent spells (Absences / Petit Mal)," Absin.(1), Ars.(3), Art-v.(2), Bapt.(2), Bell.(1), Bufo(1), Cic.(1), Hyos.(2), Ign.(1), Kali-br.(1), Merc-cy.(1), Nat-m.(2), Nux-m.(1), Oena.(1), Phos.(3), Visc.(1)",16
272,MIND - UNCONSCIOUSNESS - frequent spells (Absences / Petit Mal) - absentminded for long periods, Cic.(1),1
273,"MIND - UNCONSCIOUSNESS - fever, during"," Acon.(2), Act-sp.(1), Aeth.(1), Apis(3), Arn.(3), Bapt.(2), Bell.(2), Borx.(1), Bry.(1), Cact.(2), Calc.(1), Colch.(2), Dulc.(2), Eup-per.(1), Hyos.(2), Lach.(2), Laur.(2), Mur-ac.(3), Nat-m.(3), Nux-v.(1), Op.(3), Phos.(2), Puls.(2), Sol-nig.(1), Sulph.(1)",25
274,MIND - UNCONSCIOUSNESS - eyes - with pressure in and obstruction of sight, Seneg.(1),1
275,MIND - UNCONSCIOUSNESS - eyes - cannot open, Gels.(1),1
276,MIND - UNCONSCIOUSNESS - eyes - with fixed," Aeth.(1), Ars.(1), Bov.(1), Camph.(1), Canth.(1), Caust.(2), Cupr.(1), Stram.(1)",8
277,MIND - UNCONSCIOUSNESS - exertion - after," Ars.(2), Calc.(1), Calc-ar.(1), Caust.(2), Cocc.(1), Hyper.(1), Senec.(2), Ther.(2), Verat.(2)",9
278,MIND - UNCONSCIOUSNESS - excitement - after, Nux-m.(1),1
279,"MIND - UNCONSCIOUSNESS - eruptions - exanthema slow to appear, when", Zinc.(3),1
280,"MIND - UNCONSCIOUSNESS - erect, if he remained", Chin.(1),1
281,"MIND - UNCONSCIOUSNESS - epilepsy, after"," Bufo(3), Op.(3), Plb.(1)",3
282,MIND - UNCONSCIOUSNESS - emotion - after," Acon.(2), Am-c.(1), Camph.(1), Caust.(1), Cham.(2), Coff.(3), Ign.(3), Lach.(3), Nux-m.(1), Op.(1), Ph-ac.(2), Verat.(1)",12
283,MIND - UNCONSCIOUSNESS - eating - after," Caust.(1), Mag-m.(2), Nux-v.(2), Ph-ac.(2)",4
284,MIND - UNCONSCIOUSNESS - dream - as if in a," Ambr.(1), Anac.(1), Cann-i.(1), Carb-an.(1), Con.(1), Nux-m.(3), Phos.(1), Rheum(1), Stram.(1), Valer.(1), Verat.(2)",11
285,"MIND - UNCONSCIOUSNESS - dream - as if in a - waking, on", Aesc.(1),1
286,"MIND - UNCONSCIOUSNESS - dream - as if in a - does not know, where he is"," Glon.(2), Merc.(1), Nux-m.(2), Petr.(2), Ran-b.(1)",5
287,MIND - UNCONSCIOUSNESS - dinner - after," Castm.(1), Til.(1)",2
288,"MIND - UNCONSCIOUSNESS - diarrhoea, after", Ars.(1),1
289,MIND - UNCONSCIOUSNESS - delirium - after," Atro.(1), Bry.(1), Phos.(1)",3
290,"MIND - UNCONSCIOUSNESS - crowded room, in a"," Ambr.(1), Ars.(1), Bar-c.(1), Con.(1), Ign.(1), Lyc.(2), Nat-c.(1), Nat-m.(1), Nux-m.(2), Phos.(2), Puls.(3), Sulph.(1)",12
291,MIND - UNCONSCIOUSNESS - cough - between attacks of," Ant-t.(2), Cadm-s.(1)",2
292,MIND - UNCONSCIOUSNESS - convulsions - after," Bufo(3), Canth.(1), Carb-ac.(1), Cic.(2), Oena.(2), Sec.(1)",6
293,"MIND - UNCONSCIOUSNESS - conduct, automatic"," Calc-sil.(1), Camph.(1), Cann-i.(1), Caust.(1), Cic.(1), Con.(1), Cur.(1), Elaps(1), Hyos.(1), Lach.(1), Lyc.(1), Nat-m.(2), Nux-m.(2), Oena.(1), Phos.(2), Sil.(2), Vesp.(2), Visc.(2)",18
294,"MIND - UNCONSCIOUSNESS - concussion of brain, from"," Arn.(2), Hyper.(2), Nat-s.(2), Op.(1)",4
295,MIND - UNCONSCIOUSNESS - cold - after taking a, Sil.(2),1
296,"MIND - UNCONSCIOUSNESS - cold - water, poured over head - amel.", Tab.(1),1
297,MIND - UNCONSCIOUSNESS - coition (sex) - after," Agar.(2), Asaf.(1), Dig.(2)",3
298,MIND - UNCONSCIOUSNESS - chill - during," Ars.(2), Bell.(2), Camph.(1), Caps.(1), Cic.(1), Con.(2), Hep.(2), Kali-c.(1), Nat-m.(3), Nux-v.(1), Op.(1), Puls.(1), Stram.(1), Valer.(1)",14
299,MIND - UNCONSCIOUSNESS - chill - before," Ars.(2), Lach.(2)",2
300,VERTIGO," Abies-c.(1), Abies-n.(1), Absin.(2), Acet-ac.(1), Acetan.(1), Acon.(2), Acon-c.(1), Act-sp.(1), Adon.(1), Adren.(1), Aesc.(2), Aeth.(2), Agar.(3), Agn.(1), Ail.(3), Alet.(1), All-c.(1), All-s.(1), Aloe(2), Alum.(2), Alumn.(1), Ambr.(2), Am-c.(2), Aml-n.(1), Am-m.(1), Amyg.(1), Anac.(1), Anag.(1), Anan.(1), Ang.(1), Anh.(1), Ant-c.(2), Anth.(2), Anthraci.(1), Antipyrin.(1), Ant-t.(1), Apis(3), Apoc.(1), Apom.(1), Aran.(1), Aran-ix.(1), Aran-s.(1), Arg-met.(3), Arg-n.(2), Arn.(2), Ars.(3), Ars-h.(2), Ars-i.(1), Art-v.(1), Arum-t.(1), Arund.(1), Asaf.(1), Asar.(1), Asc-c.(1), Asc-t.(1), Aspar.(1), Aster.(2), Atro.(1), Aur.(2), Aur-m.(2), Bad.(1), Bapt.(3), Bar-c.(2), Bar-m.(1), Bell.(3), Bell-p.(1), Benz-ac.(1), Berb.(2), Beryl.(2), Bism.(1), Borx.(2), Both.(1), Bov.(1), Brach.(1), Brom.(1), Bry.(4), Bufo(1), Cact.(2), Cadm-s.(1), Cain.(1), Caj.(1), Calad.(1), Calc.(4), Calc-ac.(1), Calc-ar.(1), Calc-f.(1), Calc-p.(2), Calc-s.(3), Calc-sil.(1), Camph.(2), Cann-i.(3), Cann-s.(2), Canth.(2), Caps.(1), Carb-ac.(1), Carb-an.(2), Carbn-h.(1), Carbn-o.(1), Carbn-s.(3), Carb-v.(2), Carc.(1), Card-m.(1), Carl.(1), Castor-eq.(1), Cast-v.(1), Caul.(1), Caust.(3), Cedr.(2), Cere-b.(1), Cham.(2), Chel.(2), Chen-a.(1), Chim.(1), Chin.(2), Chinin-ar.(1), Chinin-s.(3), Chlf.(1), Chlol.(1), Chlor.(1), Chr-ac.(1), Cic.(2), Cimic.(2), Cina(1), Cinnb.(1), Cist.(1), Clem.(1), Cob.(1), Coca(2), Coc-c.(1), Cocc.(3), Cod.(1), Coff.(2), Colch.(1), Coloc.(2), Com.(1), Con.(4), Cop.(2), Cori-r.(1), Corn.(1), Cor-r.(1), Crat.(1), Croc.(1), Crot-c.(2), Crot-h.(1), Crot-t.(1), Cub.(1), Culx.(1), Cupr.(2), Cupr-ar.(1), Cur.(2), Cycl.(3), Daph.(1), Dig.(3), Dios.(1), Dirc.(1), Dros.(1), Dub.(1), Dulc.(3), Echi.(1), Elaps(2), Equis.(1), Ery-a.(1), Eug.(1), Euon.(1), Euph.(1), Euphr.(1), Eupi.(1), Eup-per.(1), Eup-pur.(1), Fago.(1), Ferr.(2), Ferr-ar.(2), Ferr-i.(1), Ferr-ma.(1), Ferr-p.(3), Fl-ac.(1), Form.(1), Gamb.(1), Gels.(3), Genist.(1), Gent-l.(1), Gins.(1), Glon.(3), Goss.(1), Gran.(1), Graph.(2), Grat.(2), Guaj.(1), Guare.(2), Gymno.(1), Ham.(1), Hell.(2), Helo.(1), Helon.(1), Hep.(2), Hipp.(1), Hura(1), Hydr.(2), Hydr-ac.(1), Hydrang.(1), Hydrc.(2), Hyos.(2), Hyper.(1), Iber.(1), Ign.(1), Ill.(1), Ind.(2), Indg.(1), Iod.(2), Ip.(1), Ir-fl.(1), Ir-foe.(2), Iris(1), Jab.(1), Jatr-c.(1), Jug-c.(1), Jug-r.(1), Kali-ar.(1), Kali-bi.(2), Kali-br.(2), Kali-c.(3), Kali-i.(2), Kali-n.(2), Kali-p.(1), Kali-s.(2), Kali-sil.(1), Kalm.(2), Kreos.(1), Lac-c.(1), Lac-d.(2), Lach.(3), Lachn.(1), Lact.(1), Lact-ac.(1), Lath.(1), Laur.(1), Lec.(1), Led.(2), Lept.(1), Lil-t.(1), Lob.(1), Lob-p.(1), Lol.(1), Lyc.(3), Lycps-v.(1), Lyss.(1), Mag-c.(1), Mag-m.(1), Mag-p.(1), Mag-s.(1), Maland.(1), Manc.(2), Mang.(1), Mang-m.(1), Med.(1), Meny.(1), Meph.(1), Merc.(2), Merc-c.(3), Merc-cy.(1), Merc-i-f.(1), Merc-i-r.(1), Merc-sul.(1), Merl.(1), Mez.(2), Mill.(1), Morph.(1), Mosch.(2), Mur-ac.(2), Murx.(1), Mygal.(2), Myric.(1), Myris.(1), Naja(1), Nat-ar.(2), Nat-c.(3), Nat-hchl.(2), Nat-m.(3), Nat-n.(2), Nat-p.(2), Nat-s.(2), Nat-sal.(1), Nicc.(1), Nit-ac.(2), Nux-m.(3), Nux-v.(3), Oena.(1), Ol-an.(1), Olnd.(1), Onos.(2), Op.(3), Ox-ac.(1), Oxyt.(1), Paeon.(1), Pall.(1), Par.(1), Pen.(1), Petr.(3), Ph-ac.(2), Phel.(1), Phos.(3), Phys.(1), Physal-al.(1), Phyt.(2), Pic-ac.(1), Pip-m.(1), Pitu.(1), Plan.(1), Plat.(2), Plb.(1), Podo.(2), Polyp-p.(1), Psor.(1), Ptel.(1), Puls.(3), Rad-br.(1), Ran-b.(2), Ran-s.(1), Raph.(1), Rheum(1), Rhod.(2), Rhus-t.(3), Rhus-v.(2), Ric.(1), Rumex(1), Ruta(1), Sabad.(1), Sabal(1), Sabin.(2), Sacch.(1), Sal-ac.(1), Salam.(1), Samb.(1), Sang.(2), Sanic.(1), Santon.(1), Sarr.(1), Sars.(1), Scroph-n.(1), Scut.(1), Sec.(2), Sel.(1), Senec.(1), Seneg.(2), Sep.(3), Sil.(3), Sin-n.(1), Sol-nig.(1), Spig.(2), Spong.(1), Squil.(1), Stann.(2), Staph.(2), Stict.(1), Stram.(2), Stront-c.(2), Stroph-h.(1), Stry.(2), Sul-ac.(1), Sulph.(3), Sulphon.(1), Sumb.(1), Syph.(2), Tab.(3), Tarax.(1), Tarent.(1), Tell.(1), Tep.(1), Ter.(2), Teucr.(1), Thea(1), Ther.(3), Thlaspi(1), Thuja(2), Til.(1), Titan.(1), Tril-p.(1), Trom.(1), Uran-n.(1), Urt-u.(2), Ust.(1), Valer.(2), Verat.(2), Verat-v.(2), Verb.(1), Vesp.(2), Vib.(1), Viol-o.(2), Viol-t.(1), Vip.(1), Visc.(1), Wye.(1), Xan.(1), Zinc.(3), Zing.(1)",395
301,"VERTIGO - YAWNING, when"," Agar.(1), Apoc.(1), Petr.(1)",3
302,"VERTIGO - WRITING, while"," Arg-met.(1), Form.(1), Graph.(2), Kali-bi.(2), Kali-c.(1), Merc.(1), Ph-ac.(1), Ptel.(1), Rhod.(1), Sep.(2), Stram.(1), Thuja(1)",12
303,VERTIGO - WIPING eyes - amel., Alum.(2),1
304,VERTIGO - WINE - amel.," Arg-n.(1), Coca(1), Gels.(1), Phos.(1)",4
305,VERTIGO - WINE - after," Alum.(2), Bell.(1), Bov.(1), Cocc.(1), Con.(2), Nat-c.(2), Nat-m.(1), Nux-v.(2), Petr.(1), Sumb.(1), Zinc.(2)",11
306,"VERTIGO - WILL, exertion of the, amel.", Pip-m.(1),1
307,VERTIGO - WEATHER - windy, Calc-p.(2),1
308,VERTIGO - WEATHER - cold - during, Sang.(2),1
309,VERTIGO - WATER - looking at running water," Ang.(1), Ferr.(3)",2
310,VERTIGO - WATER - crossing running water," Ang.(2), Arg-met.(2), Bell.(2), Brom.(2), Ferr.(2), Hyos.(2), Stram.(1), Sulph.(2)",8
311,"VERTIGO - NIGHT-WATCHING and loss of sleep, from"," Cocc.(3), Nux-v.(3)",2
312,VERTIGO - WASHING feet," Merc.(1), Sumb.(1)",2
313,VERTIGO - WASHING feet - in warm water, Sumb.(1),1
314,"VERTIGO - WARMTH rising from chest to throat, sensation as if", Merc.(1),1
315,VERTIGO - WARM - soup - amel., Kali-bi.(1),1
316,VERTIGO - WARM - room," Acon.(1), Brom.(1), Croc.(2), Grat.(2), Kali-s.(1), Lact.(1), Lil-t.(1), Lyc.(2), Merc.(2), Nat-c.(3), Paeon.(1), Ph-ac.(1), Phos.(1), Ptel.(2), Puls.(2), Sanic.(2), Sars.(1), Tab.(1)",18
317,"VERTIGO - WARM - room - entering, on"," Arg-met.(1), Phos.(2), Plat.(1), Tab.(1)",4
318,VERTIGO - WARM - bed - amel., Cocc.(1),1
319,VERTIGO - WALLS of house seem to be falling in on her," Arg-n.(1), Sabad.(1)",2
320,VERTIGO - WALKING - water - over," Ang.(1), Brom.(1), Ferr.(2), Sulph.(2)",4
321,VERTIGO - WALKING - water - near, Ang.(1),1
322,"VERTIGO - WALKING - slowly, but not when taking violent exercise", Mill.(1),1
323,VERTIGO - WALKING - sideways, Kali-c.(1),1
324,"VERTIGO - WALKING - sensation of gliding in the air, as if feet did not touch the ground, while"," Agar.(1), Asar.(1), Calc-ar.(3), Camph.(2), Chin.(2), Coff.(1), Cop.(1), Hura(1), Lac-c.(3), Nat-m.(1), Nux-m.(1), Op.(1), Rhus-t.(2), Sep.(1), Spig.(2), Stram.(1), Thuja(2), Valer.(1)",18
325,"VERTIGO - WALKING - room, in a"," Iris(1), Mag-m.(1), Manc.(1), Merc.(1), Nat-c.(1), Nit-ac.(1), Paeon.(1)",7
326,VERTIGO - WALKING - rapidly," Asar.(1), Ferr.(2), Grat.(1), Puls.(2), Sulph.(1)",5
327,"VERTIGO - WALKING - narrow path, along", Bar-c.(1),1
328,"VERTIGO - WALKING - eating, after", Nux-v.(2),1
329,"VERTIGO - WALKING - declivity, near a", Sulph.(1),1
330,"VERTIGO - WALKING - bridge, over a narrow"," Bar-c.(1), Ferr.(1), Sulph.(1)",3
331,"VERTIGO - WALKING - bridge, over a high"," Puls.(1), Staph.(1), Sulph.(2)",3
332,"VERTIGO - WALKING - air, in open, while"," Acon.(1), Agar.(2), Ambr.(2), Ang.(1), Arn.(1), Ars.(2), Aur.(2), Aur-m.(1), Bry.(1), Calc.(2), Calc-ar.(1), Calc-p.(2), Canth.(1), Carbn-s.(1), Chin.(2), Chinin-ar.(1), Clem.(1), Coff.(1), Crot-t.(1), Cycl.(2), Dros.(2), Euph.(1), Gels.(1), Graph.(1), Ip.(1), Kali-ar.(1), Kali-c.(2), Kali-p.(1), Kreos.(1), Lach.(2), Laur.(1), Led.(2), Lyc.(2), Merc.(1), Mur-ac.(2), Nicc.(1), Nux-m.(2), Nux-v.(2), Olnd.(1), Phel.(1), Phos.(2), Phys.(1), Puls.(3), Rhod.(1), Rhus-t.(1), Ruta(1), Sars.(1), Senec.(1), Sep.(2), Sil.(1), Spig.(1), Stann.(1), Stram.(1), Stry.(1), Sulph.(3), Tab.(1), Tarax.(1), Tell.(1), Thea(1), Thuja(1), Til.(1)",61
333,"VERTIGO - WALKING - air, in open, while - elevation, on an"," Arg-n.(3), Sulph.(3)",2
334,"VERTIGO - WALKING - air, in open, while - amel."," Carb-ac.(2), Crot-h.(1), Kali-c.(1), Mag-c.(1), Mag-m.(1), Nat-c.(2), Par.(1), Puls.(2), Rhod.(1)",9
335,VERTIGO - WALKING - across on open place, Ars.(2),1
336,VERTIGO - WALKING - after," Acon.(1), Arg-met.(1), Bry.(1), Calad.(1), Calc.(2), Caust.(1), Colch.(1), Laur.(1), Lyss.(1), Phos.(1)",10
337,VERTIGO - WALKING - after - long," Merl.(1), Nat-m.(1)",2
338,VERTIGO - WALKING - amel.," Acon.(2), Am-c.(1), Bry.(1), Lil-t.(1), Mag-c.(1), Sil.(1), Staph.(2), Sulph.(1), Zinc.(2)",9
339,"VERTIGO - WALKING - dinner, after", Cocc.(2),1
340,VERTIGO - WALKING - while," Acon.(1), Agar.(1), Agn.(1), Aloe(1), Alum.(1), Am-m.(1), Anac.(1), Ant-t.(1), Apis(2), Arg-n.(2), Arn.(2), Ars.(2), Ars-i.(1), Asar.(1), Aster.(1), Atro.(1), Aur-m.(1), Bar-c.(1), Bar-m.(1), Bell.(2), Berb.(1), Bism.(1), Borx.(1), Bry.(2), Calad.(1), Calc.(2), Calc-ar.(1), Calc-p.(1), Calc-s.(1), Camph.(1), Cann-i.(1), Cann-s.(1), Carb-an.(1), Carbn-s.(1), Carb-v.(2), Caust.(1), Chin.(2), Chinin-ar.(1), Cic.(2), Coca(1), Cocc.(1), Coff.(1), Colch.(1), Con.(2), Cop.(1), Cycl.(1), Daph.(1), Dig.(1), Dirc.(1), Dulc.(2), Ferr.(2), Ferr-i.(2), Fl-ac.(1), Gels.(2), Graph.(1), Hell.(2), Hura(1), Hyos.(1), Hyper.(1), Ign.(1), Iod.(1), Ip.(1), Kali-ar.(1), Kali-bi.(1), Kali-br.(1), Kali-c.(1), Kali-n.(1), Kali-p.(1), Kali-s.(1), Lac-c.(1), Laur.(1), Led.(1), Lil-t.(1), Lycps-v.(1), Mag-m.(1), Merc.(1), Merl.(1), Mill.(1), Mur-ac.(2), Nat-ar.(1), Nat-c.(2), Nat-m.(3), Nat-p.(1), Nat-s.(2), Nit-ac.(2), Nux-m.(2), Nux-v.(3), Op.(1), Ox-ac.(1), Paeon.(1), Petr.(2), Ph-ac.(2), Phel.(2), Phos.(3), Phys.(1), Phyt.(2), Pic-ac.(1), Psor.(2), Ptel.(1), Puls.(3), Ran-b.(1), Rhus-t.(2), Ruta(1), Sars.(1), Sec.(2), Sel.(1), Sep.(2), Sil.(2), Spig.(2), Stann.(1), Staph.(1), Stram.(2), Sul-ac.(1), Sulph.(2), Sumb.(1), Tab.(1), Tarax.(1), Tarent.(1), Tell.(1), Thuja(1), Valer.(1), Verat.(1), Viol-t.(1), Zinc.(2)",124
341,VERTIGO - VOMITING - with," Ail.(1), Ars.(2), Bry.(1), Calc.(1), Canth.(2), Chel.(2), Cimic.(1), Crot-h.(1), Crot-t.(1), Glon.(2), Gran.(1), Graph.(2), Hell.(2), Kali-bi.(1), Kali-c.(1), Lach.(2), Mag-c.(1), Merc.(2), Mosch.(1), Nat-s.(2), Nux-v.(2), Oena.(1), Petr.(2), Puls.(2), Sabad.(1), Sang.(2), Sars.(1), Sel.(1), Sep.(1), Tell.(1), Ther.(1), Verat.(3), Verat-v.(2), Vip.(1)",34
342,"VERTIGO - VOMITING - after, amel.", Op.(1),1
343,VERTIGO - VOMITING - before, Nat-s.(1),1
344,"VERTIGO - VISION, obscuration of, with"," Acon.(2), Act-sp.(1), Agar.(1), Amyg.(1), Anac.(2), Ant-t.(1), Apis(1), Arg-met.(1), Arg-n.(1), Ars.(1), Asaf.(1), Bell.(2), Calc.(1), Camph.(2), Canth.(1), Carb-an.(1), Cham.(1), Cic.(1), Cimic.(1), Cupr.(2), Cycl.(3), Dulc.(1), Euon.(1), Ferr.(3), Ferr-ar.(2), Ferr-p.(1), Gels.(3), Gins.(1), Glon.(2), Gran.(1), Graph.(1), Gymno.(1), Hell.(1), Hep.(1), Hyos.(1), Kali-bi.(2), Kalm.(1), Lach.(1), Lact.(1), Laur.(1), Merc.(2), Mosch.(1), Mur-ac.(1), Nit-ac.(2), Nux-v.(3), Olnd.(1), Par.(1), Phos.(1), Phyt.(2), Puls.(1), Raph.(1), Sabad.(1), Sabin.(2), Seneg.(1), Stram.(2), Stront-c.(2), Sulph.(2), Tep.(1), Ter.(1), Til.(1), Zinc.(1)",61
345,"VERTIGO - VERTEX, from", Calc.(1),1
346,"VERTIGO - VEXATION, after"," Calc.(1), Ign.(1), Nux-v.(1), Phos.(1)",4
347,"VERTIGO - URINATION - urging, when", Hyper.(2),1
348,VERTIGO - URINATION - during, Acon.(1),1
349,VERTIGO - URINATION - copious - amel., Gels.(1),1
350,VERTIGO - TURNING - or moving the head," Acon.(1), Agar.(2), Aloe(1), Am-c.(1), Arn.(2), Atro.(1), Aur.(1), Bell.(2), Bry.(3), Calc.(2), Calc-ar.(1), Carb-an.(1), Carb-v.(2), Caust.(1), Clem.(1), Cocc.(1), Con.(3), Cupr.(1), Echi.(1), Glon.(2), Graph.(2), Hep.(1), Ign.(2), Ip.(1), Kali-bi.(2), Kali-c.(2), Kali-p.(1), Kalm.(1), Lac-d.(2), Lec.(1), Meph.(1), Mosch.(1), Nat-c.(1), Nat-m.(1), Paeon.(1), Phos.(2), Ptel.(1), Rhus-t.(1), Samb.(1), Sang.(1), Sel.(1), Sep.(1), Spig.(1), Tell.(1), Ther.(1), Thuja(1)",46
351,VERTIGO - TURNING - or moving the head - quickly," Adon.(1), Aloe(1), Am-c.(1), Atro.(1), Bar-c.(1), Bry.(2), Calc.(3), Carb-v.(2), Coloc.(2), Con.(3), Gels.(2), Kali-c.(2), Kreos.(1), Lact-ac.(1), Merc.(1), Phos.(2), Sang.(2), Spig.(1), Staph.(2), Verat.(2)",20
352,VERTIGO - TURNING - or moving the head - quickly - amel., Agar.(1),1
353,VERTIGO - TURNING - on looking at revolving objects, Lyc.(1),1
354,"VERTIGO - TURNING - bed, in"," Bell.(3), Cact.(2), Carb-v.(1), Con.(3), Graph.(2), Ind.(1), Kalm.(1), Lac-d.(2), Meph.(1), Phos.(1), Rhus-t.(1), Sil.(1), Sulph.(1)",13
355,"VERTIGO - TURNING - bed, in - right side, on - amel.", Alumn.(2),1
356,"VERTIGO - TURNING - bed, in - left, to"," Borx.(1), Calc-p.(1), Sil.(1)",3
357,VERTIGO - TURNING - on," Agar.(2), Am-c.(1), Calc.(1), Con.(2), Gels.(1), Genist.(1), Glon.(1), Ind.(1), Ip.(1), Kali-c.(2), Merc.(1), Nat-m.(1), Phos.(1), Rhus-t.(1), Tell.(1), Ther.(1)",16
358,VERTIGO - TURNING - as if he turns in a circle," Bell.(1), Berb.(1), Calc.(2), Carbn-o.(1), Caust.(1), Stram.(1), Thuja(1)",7
359,"VERTIGO - TURNING - as if he turns in a circle - right, to"," Berb.(1), Caust.(2)",2
360,"VERTIGO - TURNING - as if he turns in a circle - left, to", Bell.(1),1
361,VERTIGO - TURNING - as if everything were turning in a circle," Acon.(1), Aloe(1), Alum.(2), Am-c.(1), Anac.(1), Arg-n.(2), Arn.(1), Asaf.(1), Aur.(2), Bar-m.(1), Bell.(2), Berb.(1), Bism.(2), Bry.(3), Calad.(1), Calc.(2), Camph.(1), Chel.(1), Chinin-s.(2), Cic.(2), Cocc.(1), Con.(3), Cupr.(1), Cycl.(3), Euon.(1), Euph.(1), Eup-per.(1), Eup-pur.(1), Ferr.(1), Grat.(1), Hell.(1), Hep.(1), Hydr-ac.(1), Kali-bi.(1), Kreos.(1), Lact.(1), Laur.(1), Lyc.(2), Mosch.(1), Mur-ac.(2), Nat-m.(1), Nat-s.(1), Nux-v.(2), Olnd.(1), Op.(1), Par.(1), Phos.(2), Puls.(3), Ran-b.(1), Rhod.(1), Rhus-t.(1), Ruta(1), Sabad.(1), Spig.(1), Staph.(1), Tab.(1), Til.(1), Valer.(1), Verat.(1), Viol-o.(1)",60
362,"VERTIGO - TURNED, as if bed turned about"," Con.(3), Nux-v.(1), Plb.(1), Puls.(2), Sol-nig.(1)",5
363,"VERTIGO - TURNED, as if bed turned about - and whirled as if, renewed by thinking about it", Plb.(1),1
364,VERTIGO - TREMBLING," Am-c.(1), Ars.(1), Bell.(1), Camph.(2), Carb-v.(1), Con.(1), Crot-h.(1), Dig.(2), Dulc.(2), Glon.(2), Nat-m.(1), Puls.(1)",12
365,VERTIGO - TOUCH agg., Cupr.(1),1
366,"VERTIGO - THINKING about it, on", Pip-m.(1),1
367,"VERTIGO - TEA, after"," Nat-m.(3), Sep.(3)",2
368,"VERTIGO - TEA, after - amel.", Glon.(1),1
369,"VERTIGO - TALKING, while"," Borx.(1), Cham.(1), Cocc.(1), Lyc.(1), Nat-c.(1), Par.(1), Sol-nig.(1), Thuja(1)",8
370,"VERTIGO - TALKING, while - long", Thuja(1),1
371,"VERTIGO - TALKING, while - after animated (being provoked for conversation)"," Borx.(1), Cham.(1), Lyc.(1), Nat-c.(1), Par.(1), Thuja(1)",6
372,VERTIGO - SYPHILITIC, Aur.(3),1
373,"VERTIGO - SYNCOPE, with"," Alum.(1), Ars.(1), Berb.(1), Bry.(1), Canth.(1), Carb-v.(2), Cham.(2), Croc.(1), Glon.(1), Hep.(1), Hipp.(1), Lach.(1), Mag-c.(1), Mosch.(1), Nux-v.(3), Paeon.(1), Phos.(1), Sabad.(1), Sulph.(1)",19
374,"VERTIGO - SWINGING, like"," Calad.(1), Ferr.(1), Merc.(2), Sulph.(2), Thuja(1), Zinc.(1)",6
375,VERTIGO - SUSPENSION of the sense," Aeth.(1), Ant-t.(1), Camph.(2), Nat-m.(2), Nux-m.(2), Stram.(2), Verat.(1)",7
376,VERTIGO - SUSPENSION of the sense - as if there were a barrier between his organs of sense and external objects, Aeth.(1),1
377,VERTIGO - SUPPORTING head amel., Sabad.(1),1
378,VERTIGO - SUNLIGHT and heat," Acon.(1), Agar.(2), Brom.(1), Glon.(2), Nat-c.(2), Nux-v.(1)",6
379,"VERTIGO - SUMMER, spells of, in"," Phos.(1), Psor.(2)",2
380,VERTIGO - SUDDEN," Absin.(1), Aeth.(1), Agar.(1), Apoc.(1), Arg-met.(2), Aster.(1), Bov.(2), Bry.(1), Calc-ar.(1), Camph.(1), Carbn-s.(1), Chen-a.(1), Chinin-ar.(1), Coloc.(1), Iris(1), Kali-bi.(1), Meph.(1), Mosch.(1), Sec.(1), Senec.(1), Sep.(1), Stann.(1), Stram.(1), Sulph.(1), Tarent.(1), Thuja(1), Verb.(1)",27
381,"VERTIGO - STUPEFACTION, with - as if there was a barrier between his organs of sense and external objects", Aeth.(1),1
382,"VERTIGO - STRETCHING, on", Apoc.(1),1
383,"VERTIGO - STOOPING, on"," Acon.(1), Act-sp.(1), Ail.(1), Aloe(1), Alum.(2), Anac.(2), Aran-s.(1), Arg-n.(2), Aur.(2), Aur-m.(1), Bapt.(1), Bar-c.(2), Bell.(3), Berb.(1), Bry.(2), Cact.(2), Calc.(2), Calc-p.(2), Calc-s.(1), Camph.(2), Cann-i.(1), Carbn-s.(1), Carb-v.(2), Caust.(2), Cham.(2), Chin.(1), Chinin-s.(1), Cic.(1), Cimic.(1), Cinnb.(1), Coff.(1), Con.(1), Corn.(1), Dig.(1), Ferr.(2), Glon.(2), Graph.(2), Guare.(2), Ham.(2), Hell.(2), Helon.(1), Ign.(2), Ind.(1), Iod.(2), Kali-bi.(2), Kali-c.(2), Kali-n.(1), Kali-p.(1), Kali-s.(1), Kalm.(2), Lach.(2), Lact-ac.(1), Led.(1), Lyc.(2), Mang-m.(1), Med.(1), Meny.(1), Meph.(1), Merc.(2), Merc-c.(2), Merl.(1), Mill.(1), Mosch.(1), Myric.(1), Nat-m.(1), Nat-s.(1), Nicc.(1), Nit-ac.(2), Nux-v.(3), Ol-an.(1), Op.(1), Petr.(2), Ph-ac.(1), Phos.(2), Pic-ac.(1), Plb.(1), Ptel.(1), Puls.(3), Rhus-t.(1), Santon.(1), Sep.(1), Sil.(1), Sol-nig.(1), Staph.(2), Sulph.(3), Sumb.(1), Ther.(1), Thuja(1), Valer.(1), Verat.(1)",90
384,"VERTIGO - STOOPING, on - supper, after", Sep.(1),1
385,"VERTIGO - STOOPING, on - long stooping, after", Cham.(1),1
386,"VERTIGO - STOOPING, on - amel.", Carb-an.(1),1
387,VERTIGO - STOOL - during," Caust.(2), Cham.(1), Cob.(1), Cocc.(2), Colch.(1), Ptel.(1), Stram.(1), Zinc.(1)",8
388,VERTIGO - STOOL - before," Alum.(1), Lach.(1), Oena.(1)",3
389,VERTIGO - STOOL - after," Apoc.(1), Carb-an.(1), Caust.(2), Cupr.(1), Gran.(1), Lach.(1), Nat-m.(2), Petr.(1), Phos.(1), Zinc.(1)",10
390,VERTIGO - STOOL - after - amel., Cupr.(2),1
391,"VERTIGO - STOMACH, proceeding from"," Adon.(1), Kali-c.(2)",2
392,"VERTIGO - STARS, white, before eyes", Alum.(1),1
393,"VERTIGO - STANDING, while - walking, after", Calc.(2),1
394,"VERTIGO - STANDING, while - room, in"," Cupr.(1), Stram.(1)",2
395,"VERTIGO - STANDING, while - height, on a", Zinc.(2),1
396,"VERTIGO - STANDING, while - eyes closed agg, with"," Alum.(2), Lath.(1)",2
397,"VERTIGO - STANDING, while - against something", Dig.(1),1
398,"VERTIGO - STANDING, while - air, in open"," Euph.(1), Podo.(2)",2
399,"VERTIGO - STANDING, while - amel."," Nux-v.(1), Ph-ac.(1)",2
400,"VERTIGO - STANDING, while - agg."," Acon.(2), Aeth.(1), Aloe(1), Alum.(1), Am-c.(1), Apis(1), Arg-met.(1), Arn.(2), Aur.(1), Bar-c.(1), Borx.(1), Bov.(2), Bry.(2), Calc.(2), Cann-s.(2), Caust.(2), Cham.(1), Cocc.(2), Coff.(1), Cop.(1), Crot-t.(1), Cycl.(1), Euph.(1), Euphr.(1), Fl-ac.(1), Gels.(1), Glon.(1), Kali-bi.(1), Kali-br.(1), Kali-c.(1), Kali-n.(1), Kali-p.(1), Kali-s.(1), Lach.(2), Laur.(1), Led.(1), Lyc.(1), Mag-c.(1), Mang.(1), Merc.(2), Merc-sul.(1), Merl.(1), Nux-m.(1), Olnd.(2), Petr.(1), Ph-ac.(2), Phos.(2), Phyt.(1), Plat.(1), Puls.(2), Rheum(1), Rhus-t.(1), Sabin.(2), Sars.(1), Scroph-n.(1), Sec.(1), Sel.(1), Sil.(1), Sol-nig.(1), Spig.(2), Stram.(1), Sulph.(2), Ter.(1), Valer.(1), Zinc.(1)",65
401,"VERTIGO - STAGGERING, with"," Acon.(1), Agar.(1), Ail.(2), Am-c.(1), Anan.(1), Arg-n.(2), Atro.(1), Aur.(2), Bry.(1), Calc.(2), Camph.(2), Caps.(1), Carb-ac.(1), Carb-an.(2), Carb-v.(2), Cham.(2), Chin.(2), Cic.(2), Coloc.(1), Con.(2), Cupr-ar.(1), Ferr.(2), Ferr-ar.(1), Ferr-p.(1), Fl-ac.(1), Gels.(3), Hydr-ac.(1), Ign.(1), Ip.(1), Kali-br.(1), Kali-c.(1), Kali-s.(1), Kreos.(1), Lil-t.(1), Lyc.(1), Lyss.(1), Med.(1), Merc.(1), Mur-ac.(1), Nicc.(1), Nux-m.(2), Nux-v.(3), Olnd.(1), Paeon.(1), Petr.(1), Phos.(3), Phyt.(2), Sars.(1), Sec.(1), Sep.(2), Stram.(2), Sulph.(1), Tarax.(1), Thuja(1), Til.(1)",55
402,"VERTIGO - SPRING, in, spells of", Apis(1),1
403,"VERTIGO - SNEEZING, from"," Bar-c.(1), Benz-ac.(1), Nux-v.(1), Seneg.(2)",4
404,"VERTIGO - SMOKING, from"," Alum.(1), Asc-t.(1), Borx.(1), Brom.(1), Clem.(1), Gels.(2), Nat-m.(3), Nux-v.(3), Op.(1), Sil.(1), Tab.(2), Zinc.(1)",12
405,"VERTIGO - SLOW PULSE (BRADYCARDIA), with", Dig.(1),1
406,VERTIGO - SLEEPINESS - alternating with, Ant-t.(2),1
407,VERTIGO - SLEEPINESS - with," Aeth.(1), Arg-met.(1), Crot-t.(1), Laur.(1), Nit-ac.(2), Nux-m.(1), Puls.(1), Sarr.(1), Sil.(2)",9
408,"VERTIGO - SLEEP - half asleep, while"," Arg-met.(1), Sil.(2)",2
409,VERTIGO - SLEEP - on going to," Arg-n.(1), Nat-m.(1), Tell.(1), Ther.(2)",4
410,VERTIGO - SLEEP - during," Aeth.(1), Crot-h.(1), Lyc.(2), Sang.(2), Sep.(3), Sil.(2), Ther.(1)",7
411,VERTIGO - SLEEP - amel.," Bell.(1), Ferr.(1), Grat.(1), Pall.(1)",4
412,"VERTIGO - SLEEP - after, agg."," Ambr.(1), Ant-t.(1), Apis(1), Ars.(1), Atro.(1), Calc.(2), Carb-v.(2), Chin.(2), Cimic.(1), Dulc.(2), Graph.(2), Hep.(1), Kali-c.(2), Kali-i.(1), Lach.(3), Lact.(2), Med.(2), Merc.(1), Nat-m.(1), Nux-v.(3), Op.(1), Sep.(2), Spong.(2), Stann.(1), Stict.(1), Stram.(1), Stront-c.(1), Tarent.(1), Ther.(2), Thuja(1), Zinc.(1)",31
413,"VERTIGO - SITTING, while"," Aeth.(1), Aloe(1), Alum.(1), Am-c.(1), Anac.(1), Apis(2), Arg-met.(1), Ars.(1), Bell.(1), Bry.(2), Calc.(1), Camph.(2), Carb-ac.(1), Carb-an.(2), Carbn-s.(2), Carb-v.(2), Caust.(2), Cham.(2), Chel.(3), Chin.(1), Chinin-s.(1), Cic.(1), Coca(1), Cocc.(2), Colch.(1), Coloc.(1), Cop.(1), Croc.(1), Crot-h.(1), Crot-t.(1), Cupr.(2), Dig.(1), Eug.(1), Euon.(1), Euph.(1), Eupi.(1), Fl-ac.(1), Glon.(2), Grat.(1), Hell.(1), Hydr.(2), Ind.(1), Kali-bi.(1), Kali-br.(1), Kali-c.(2), Kali-s.(1), Lach.(1), Lycps-v.(1), Mang.(1), Meph.(1), Merc.(2), Merc-cy.(1), Nat-c.(1), Nat-m.(1), Nat-p.(1), Nit-ac.(1), Op.(1), Par.(1), Petr.(2), Ph-ac.(1), Phel.(1), Phos.(3), Phyt.(2), Pic-ac.(1), Plat.(2), Puls.(3), Ran-s.(1), Rhod.(1), Rhus-t.(2), Ruta(1), Sabad.(1), Sabin.(1), Sanic.(1), Sars.(1), Sep.(2), Sil.(2), Spig.(2), Spong.(2), Stann.(1), Staph.(1), Stram.(1), Sul-ac.(1), Sulph.(2), Tab.(1), Tell.(1), Thuja(2), Viol-o.(2), Zinc.(2)",88
414,"VERTIGO - SITTING, while - up in bed"," Ars.(1), Bry.(2), Caust.(1), Chel.(3), Chinin-s.(1), Cocc.(3), Croc.(1), Cupr.(2), Euph.(1), Eupi.(1), Ind.(1), Kali-br.(1), Merc.(1), Nat-m.(1), Nit-ac.(1), Op.(1), Phos.(2), Phyt.(2), Puls.(2), Sep.(1), Sil.(2), Thuja(1), Zinc.(2)",23
415,"VERTIGO - SITTING, while - up in bed - amel."," Hell.(1), Lac-d.(2), Phos.(1)",3
416,"VERTIGO - SITTING, while - writing - while"," Kali-bi.(1), Merc.(1)",2
417,"VERTIGO - SITTING, while - walk, a - after"," Colch.(1), Lach.(1)",2
418,"VERTIGO - SITTING, while - erect"," Cham.(2), Hydr.(2)",2
419,"VERTIGO - SITTING, while - erect - high, as if too"," Aloe(1), Phos.(2)",2
420,"VERTIGO - SITTING, while - eating, before", Kali-c.(1),1
421,"VERTIGO - SITTING, while - amel."," Acon.(2), Aur.(1), Bry.(1), Cycl.(2), Form.(1), Lach.(1), Puls.(1), Sil.(2)",8
422,"VERTIGO - SINKING, as if"," Bry.(2), Lach.(1), Lyc.(2), Nat-m.(1), Ph-ac.(1)",5
423,VERTIGO - SHAVING - after, Carb-an.(2),1
424,VERTIGO - SHAKING the head," Acon.(1), Corn.(1), Genist.(1), Glon.(1), Hep.(1), Sep.(1), Spig.(1)",7
425,VERTIGO - SHAKING the head - quickly, Sep.(1),1
426,VERTIGO - SEWING - while," Graph.(1), Lac-d.(1), Lact.(1), Mag-c.(1), Phel.(1), Sul-ac.(1)",6
427,VERTIGO - SWAYING toward - right," Acon.(3), Ars.(1), Berb.(1), Calc.(1), Carb-an.(1), Caust.(1), Dios.(1), Euph.(1), Ferr.(1), Grat.(1), Kali-n.(1), Lac-d.(1), Lycps-v.(1), Lyss.(1), Mill.(1), Nat-s.(1), Rhus-t.(1), Ruta(1), Sars.(1), Sil.(1), Zinc.(2)",21
428,VERTIGO - SWAYING toward - right - in a circle," Berb.(1), Caust.(2)",2
429,VERTIGO - SWAYING toward - left," Anac.(1), Arg-n.(1), Aur.(2), Bell.(1), Borx.(2), Calc.(1), Cic.(1), Dirc.(1), Dros.(1), Euph.(1), Eup-per.(2), Eup-pur.(1), Ir-foe.(1), Lycps-v.(1), Merl.(1), Mez.(1), Myris.(1), Nat-c.(1), Nux-m.(1), Sol-nig.(1), Spig.(1), Sulph.(2), Zinc.(2)",23
430,VERTIGO - SWAYING toward - left - walking in open air," Aur.(1), Nux-m.(1), Sol-nig.(1), Sulph.(1)",4
431,VERTIGO - SWAYING toward - left - standing, Merl.(1),1
432,"VERTIGO - SWAYING toward - left - sitting, while"," Anac.(1), Merl.(1)",2
433,"VERTIGO - SWAYING toward - left - lying, while"," Merl.(1), Ox-ac.(1)",2
434,VERTIGO - SWAYING toward - left - evening, Nux-m.(1),1
435,"VERTIGO - SWAYING toward - left - morning, on waking", Myris.(1),1
436,VERTIGO - RUBBING the eyes - amel., Alum.(1),1
437,VERTIGO - ROCKING - from," Borx.(1), Coff.(2)",2
438,VERTIGO - ROCKING - as if," Bell.(1), Calad.(1)",2
439,VERTIGO - ROCKING - amel., Sec.(1),1
440,"VERTIGO - RISING, on"," Absin.(1), Acon.(3), Acon-c.(1), Adon.(1), Aesc.(1), Aeth.(1), Agar.(2), Ail.(2), All-s.(1), Aml-n.(1), Anac.(2), Apoc.(1), Arn.(2), Ars.(1), Arund.(1), Asar.(1), Atro.(1), Bar-c.(2), Bell.(2), Berb.(1), Bov.(1), Bry.(3), Cact.(2), Calc.(2), Calc-p.(2), Cann-i.(2), Carb-an.(2), Carbn-o.(1), Carc.(1), Caust.(2), Cedr.(1), Cere-b.(1), Cham.(1), Chel.(1), Chin.(2), Chinin-s.(1), Cic.(2), Cimic.(2), Cina(1), Cinnb.(1), Coca(1), Cocc.(1), Colch.(1), Con.(1), Croc.(1), Cupr.(1), Dig.(2), Dulc.(1), Ferr.(3), Ferr-ar.(1), Ferr-p.(2), Fl-ac.(2), Form.(1), Genist.(1), Gent-l.(1), Glon.(2), Graph.(1), Grat.(1), Guaj.(2), Ham.(2), Hell.(1), Hep.(1), Hyos.(1), Ind.(1), Iod.(1), Kali-bi.(1), Kali-c.(1), Kali-p.(1), Kali-s.(1), Kalm.(1), Lac-d.(2), Lach.(2), Lact-ac.(1), Laur.(1), Lyc.(1), Lyss.(1), Mag-m.(1), Mag-s.(1), Manc.(1), Meny.(1), Merc.(1), Merc-c.(2), Merc-i-f.(1), Morph.(1), Nat-m.(3), Nat-s.(1), Nicc.(1), Nit-ac.(2), Nux-v.(1), Olnd.(1), Op.(1), Ox-ac.(1), Petr.(2), Ph-ac.(2), Phos.(3), Phyt.(3), Pic-ac.(1), Plat.(1), Ptel.(1), Puls.(2), Rhus-t.(3), Ruta(1), Sabad.(1), Sabin.(1), Sang.(2), Sanic.(1), Sel.(1), Seneg.(1), Sep.(2), Sil.(1), Spig.(1), Staph.(1), Stram.(2), Sul-ac.(1), Sulph.(1), Sulphon.(1), Sumb.(1), Tab.(3), Thlaspi(1), Thuja(1), Trom.(1), Verat.(1), Verat-v.(2), Vib.(1), Zinc.(1)",125
441,"VERTIGO - RISING, on - supine position, from"," Croc.(1), Merc-c.(1), Olnd.(1), Petr.(1), Puls.(1), Sel.(1), Sil.(1)",7
442,"VERTIGO - RISING, on - stooping, from"," Acon.(1), Anac.(2), Apoc.(1), Arn.(2), Ars.(1), Bar-c.(1), Bell.(3), Berb.(1), Bov.(1), Bry.(2), Calc.(2), Carb-an.(2), Carc.(1), Cic.(1), Cocc.(1), Con.(1), Croc.(1), Ferr.(3), Graph.(2), Ham.(1), Hell.(1), Laur.(1), Lyss.(1), Meny.(1), Merc.(1), Merc-c.(1), Nat-m.(1), Nicc.(1), Nit-ac.(2), Nux-v.(1), Olnd.(1), Op.(2), Petr.(1), Phos.(1), Pic-ac.(1), Puls.(2), Sang.(2), Sanic.(1), Sel.(1), Sep.(1), Sil.(1), Sulph.(1), Zinc.(1)",43
443,"VERTIGO - RISING, on - stooping, from - quickly"," Ferr.(2), Sang.(1)",2
444,"VERTIGO - RISING, on - stooping, from - after"," Laur.(1), Zinc.(1)",2
445,"VERTIGO - RISING, on - stooping, from - after - amel."," Aur.(1), Hell.(2)",2
446,"VERTIGO - RISING, on - kneeling, from", Cere-b.(1),1
447,"VERTIGO - RISING, on - from a seat"," Acon.(2), Aesc.(1), Aeth.(1), All-s.(1), Apoc.(1), Asar.(1), Bov.(1), Bry.(3), Calc.(2), Calc-p.(2), Carb-an.(2), Cham.(1), Coca(1), Cocc.(1), Con.(3), Dig.(2), Ferr.(3), Grat.(1), Hell.(1), Ind.(1), Iod.(1), Kali-bi.(1), Kali-c.(1), Kali-s.(1), Kalm.(1), Laur.(1), Lyc.(2), Lyss.(1), Merc.(1), Merc-i-f.(1), Nat-s.(1), Nicc.(1), Nit-ac.(1), Nux-v.(3), Ox-ac.(1), Petr.(2), Ph-ac.(1), Phos.(3), Pic-ac.(1), Ptel.(1), Puls.(3), Rhus-t.(3), Sabad.(1), Sang.(2), Sel.(1), Sep.(1), Spig.(1), Staph.(1), Sulph.(2), Sumb.(1), Thuja(2), Verat.(1), Verat-v.(1)",53
448,"VERTIGO - RISING, on - from a seat - sitting bent - after", Merc.(1),1
449,"VERTIGO - RISING, on - from a seat - sitting bent - after - long"," Cham.(1), Laur.(1), Ph-ac.(1)",3
450,"VERTIGO - RISING, on - from a seat - after"," Apoc.(1), Bry.(1), Cocc.(1), Dig.(1), Phos.(1)",5
451,"VERTIGO - RISING, on - bed from"," Adon.(1), Agar.(2), Arn.(2), Bar-c.(1), Bell.(2), Bry.(2), Cact.(2), Caust.(1), Cham.(1), Chel.(3), Chin.(2), Chinin-s.(1), Cic.(1), Cimic.(2), Cinnb.(1), Cocc.(3), Con.(1), Cupr.(1), Dulc.(1), Ferr.(3), Ferr-p.(2), Fl-ac.(2), Glon.(2), Graph.(1), Ind.(1), Iod.(1), Kali-bi.(1), Kali-s.(1), Lach.(1), Lyc.(1), Mag-m.(1), Mag-s.(1), Merc-c.(2), Nat-m.(3), Nat-s.(1), Nicc.(1), Nit-ac.(2), Nux-v.(3), Olnd.(1), Op.(2), Petr.(2), Ph-ac.(2), Phos.(3), Phyt.(3), Pic-ac.(2), Puls.(1), Rhus-t.(2), Ruta(1), Sabin.(1), Sep.(2), Sil.(2), Stram.(2), Sul-ac.(1), Sulph.(2), Verat-v.(1)",55
452,"VERTIGO - RISING, on - after"," Apoc.(1), Bar-c.(1), Bell.(2), Bry.(1), Calc.(1), Cocc.(1), Dig.(1), Eug.(1), Form.(2), Graph.(1), Lyc.(2), Lyss.(1), Mag-c.(2), Ph-ac.(1), Phos.(2), Sabad.(1), Stann.(1)",17
453,"VERTIGO - RISING, on - amel."," Ars.(1), Aur.(2), Caust.(1), Hell.(1), Mosch.(1), Nat-m.(1), Phos.(1), Rhus-t.(2)",8
454,"VERTIGO - RIDING - horseback, while"," Cop.(1), Rhus-t.(1)",2
455,"VERTIGO - RIDING - horseback, while - amel.", Tarent.(1),1
456,"VERTIGO - RIDING - down hill, while", Borx.(1),1
457,VERTIGO - RIDING - in a carriage," Acon.(1), Calc.(1), Cocc.(1), Hep.(2), Lyc.(1), Petr.(1), Sel.(1), Sil.(2), Ther.(1)",9
458,VERTIGO - RIDING - in a carriage - amel.," Glon.(1), Sil.(1)",2
459,"VERTIGO - RIDING - carriage, as from riding in a"," Cycl.(1), Ferr.(1), Grat.(1), Hep.(1)",4
460,VERTIGO - RIDING - while," Ant-t.(1), Dig.(1), Grat.(1)",3
461,VERTIGO - RESTING head on the table amel., Sabad.(1),1
462,VERTIGO - REST - amel.," Asar.(1), Cann-i.(1), Coca(1), Con.(2), Eupi.(1), Nat-m.(1), Nux-m.(1), Nux-v.(1)",8
463,VERTIGO - REST - agg.," Acon.(1), Bell.(1), Calc.(2), Cycl.(1), Lach.(2), Manc.(1), Nat-c.(1), Puls.(1), Rhus-t.(1), Sil.(1)",10
464,"VERTIGO - RELAXATION, after"," Calc.(1), Lach.(1)",2
465,VERTIGO - REELING," Acon.(1), Agar.(2), Alum.(2), Anac.(1), Ars.(2), Bell.(2), Bry.(1), Camph.(1), Caps.(2), Caust.(2), Cic.(2), Cimic.(1), Croc.(1), Cupr.(1), Ferr.(1), Glon.(2), Hydr-ac.(1), Kali-i.(1), Lach.(1), Lyc.(2), Mag-c.(1), Mag-m.(1), Nat-c.(1), Nat-m.(1), Nux-m.(2), Nux-v.(2), Ol-an.(1), Paeon.(1), Ph-ac.(1), Puls.(1), Sanic.(1), Sec.(2), Seneg.(1), Spong.(1), Stram.(2), Sulph.(1), Tab.(2), Tarax.(1), Ter.(1), Thuja(1), Verat.(1), Viol-t.(1)",42
466,VERTIGO - READING - while," Aloe(1), Am-c.(2), Ang.(1), Arg-met.(1), Arn.(1), Cupr.(1), Cur.(2), Gran.(1), Graph.(2), Grat.(1), Ham.(1), Merc-i-f.(1), Merl.(1), Par.(1), Phys.(1), Ruta(1), Stann.(1)",17
467,VERTIGO - READING - while - walking amel., Am-c.(1),1
468,VERTIGO - READING - while - too long, Arn.(1),1
469,VERTIGO - READING - while - aloud," Manc.(1), Par.(1)",2
470,VERTIGO - READING - after," Kali-c.(1), Ph-ac.(1)",2
471,"VERTIGO - REACHING up, on"," Bar-c.(1), Lac-d.(1), Lach.(2), Sulph.(1)",4
472,VERTIGO - RAISING head," Acon.(1), Aeth.(1), Ant-t.(1), Arn.(2), Bar-c.(1), Bry.(3), Cact.(1), Calc.(2), Carb-an.(1), Carb-v.(2), Chin.(2), Clem.(1), Coloc.(1), Croc.(1), Hell.(1), Jatr-c.(1), Laur.(1), Mag-s.(1), Merc.(1), Merc-c.(1), Nat-sal.(1), Nux-v.(2), Op.(1), Phos.(2), Pic-ac.(1), Sel.(1), Spig.(1), Stann.(1), Stram.(1)",29
473,"VERTIGO - RAISING head - on waking, from bed", Spig.(1),1
474,"VERTIGO - PREGNANCY, during"," Ars.(1), Gels.(2), Nat-m.(3), Phos.(1)",4
475,VERTIGO - PERIODICAL," Agar.(1), Ang.(1), Arg-met.(2), Camph.(2), Cocc.(2), Cycl.(1), Ign.(2), Kali-c.(2), Nat-m.(3), Phos.(3), Tab.(2), Ust.(1)",12
476,VERTIGO - PERIODICAL - every two weeks, Cocc.(1),1
477,VERTIGO - PAROXYSMAL," Agar.(1), Aloe(1), Ant-t.(1), Arg-met.(2), Asar.(1), Calc.(1), Caul.(1), Cupr.(1), Kali-bi.(1), Morph.(1), Nat-m.(2), Nux-v.(2), Plat.(1), Ptel.(1), Tab.(1), Til.(1)",16
478,VERTIGO - PAINFUL," Phos.(1), Tab.(1), Tarent.(1)",3
479,"VERTIGO - AGED (OLD) PEOPLE, in"," Alum.(1), Ambr.(2), Arn.(2), Aur.(1), Bar-c.(2), Bell-p.(1), Calc-p.(1), Con.(3), Cupr.(2), Fl-ac.(1), Phos.(1), Rhus-t.(2), Sec.(1), Sin-n.(2), Stroph-h.(1)",15
480,VERTIGO - ODOR of flowers," Con.(1), Hyos.(2), Nux-v.(3), Phos.(3)",4
481,VERTIGO - OCCIPITAL," Ang.(1), Carb-v.(1), Chin.(1), Fl-ac.(1), Gels.(3), Glon.(1), Med.(1), Petr.(1), Ran-b.(1), Senec.(1), Sil.(3), Spig.(1), Zinc.(2)",13
482,"VERTIGO - OBJECTS, THINGS - vibrate", Carb-v.(2),1
483,"VERTIGO - OBJECTS, THINGS - seem to turn in a circle"," Agar.(2), Agn.(1), Alum.(2), Am-c.(1), Anac.(1), Arn.(1), Bar-c.(1), Bar-m.(1), Bov.(1), Bry.(2), Cadm-s.(1), Chel.(3), Cic.(2), Coca(1), Cocc.(1), Cod.(1), Colch.(1), Con.(1), Cycl.(3), Hell.(1), Kali-c.(1), Kali-p.(1), Kali-s.(1), Laur.(1), Lyc.(2), Mag-c.(1), Merc.(1), Merc-i-r.(1), Morph.(1), Mosch.(1), Mur-ac.(2), Nat-m.(3), Nat-p.(1), Nat-s.(1), Nux-v.(2), Olnd.(1), Op.(1), Ph-ac.(1), Psor.(2), Rhus-t.(1), Sabad.(1), Sel.(1), Sep.(1), Sil.(1), Sol-nig.(1), Sul-ac.(1)",46
484,"VERTIGO - OBJECTS, THINGS - seem to turn in a circle - room whirls"," Calc.(2), Cann-s.(1), Caust.(2), Cod.(1), Dub.(1), Grat.(1), Kali-bi.(1), Nux-m.(3), Phos.(2), Tab.(1)",10
485,"VERTIGO - OBJECTS, THINGS - seem to turn in a circle - on looking at running water", Ferr.(1),1
486,"VERTIGO - OBJECTS, THINGS - seem to be too far off"," Anac.(1), Puls.(3), Stann.(1), Stram.(1)",4
487,"VERTIGO - OBJECTS, THINGS - move"," Cocc.(2), Hydr-ac.(1), Ir-fl.(1), Kali-c.(1), Mosch.(1), Sep.(1), Thuja(1)",7
488,"VERTIGO - OBJECTS, THINGS - move - run into each other", Ir-fl.(1),1
489,"VERTIGO - OBJECTS, THINGS - move - reel"," Anac.(1), Bell.(2), Bry.(2), Glon.(1)",4
490,"VERTIGO - OBJECTS, THINGS - move - the seat on which he sat", Zinc.(1),1
491,"VERTIGO - OBJECTS, THINGS - move - left ,to the, and downward", Tab.(1),1
492,"VERTIGO - OBJECTS, THINGS - move - right, to the"," Lac-d.(2), Nat-s.(1), Nat-sal.(1), Sal-ac.(1)",4
493,"VERTIGO - OBJECTS, THINGS - large", Caust.(1),1
494,"VERTIGO - OBJECTS, THINGS - inverted", Bufo(1),1
495,"VERTIGO - NOISE, from"," Asar.(1), Ther.(4)",2
496,"VERTIGO - NAUSEA, with"," Acon.(3), Agar.(1), Ail.(1), Alum.(2), Alumn.(2), Am-c.(2), Aml-n.(1), Amyg.(1), Ant-c.(2), Ant-t.(1), Apis(1), Aran-ix.(1), Arg-n.(1), Arn.(2), Ars.(1), Bapt.(2), Bar-c.(2), Bell.(2), Borx.(1), Brom.(1), Bry.(2), Cain.(1), Calad.(1), Calc.(2), Calc-p.(2), Calc-s.(2), Camph.(2), Carb-an.(2), Carb-v.(2), Caust.(2), Cham.(2), Chel.(2), Chin.(1), Chinin-ar.(1), Chinin-s.(3), Cimic.(1), Cinnb.(2), Coca(1), Cocc.(3), Coloc.(1), Con.(2), Crot-h.(1), Crot-t.(1), Cycl.(2), Ferr.(3), Ferr-ar.(2), Ferr-p.(1), Fl-ac.(1), Gels.(1), Glon.(2), Gran.(1), Graph.(2), Gymno.(1), Ham.(2), Hell.(2), Hep.(2), Ind.(2), Kali-ar.(1), Kali-bi.(2), Kali-br.(1), Kali-c.(1), Kali-p.(1), Kali-s.(1), Kalm.(2), Lac-c.(2), Lach.(2), Lob.(2), Lyc.(2), Lyss.(2), Mag-c.(1), Merc.(2), Mill.(1), Mosch.(2), Mur-ac.(1), Myric.(1), Nat-m.(2), Nat-s.(2), Nicc.(1), Nit-ac.(2), Nux-m.(2), Nux-v.(2), Petr.(3), Phos.(2), Pic-ac.(1), Puls.(2), Rhus-t.(2), Rumex(1), Sabad.(1), Sang.(2), Sanic.(1), Sars.(1), Sel.(1), Senec.(1), Sep.(2), Sil.(2), Spig.(2), Spong.(1), Squil.(1), Staph.(2), Stram.(1), Stront-c.(1), Sulph.(2), Tab.(2), Tarent.(1), Tell.(1), Ter.(2), Ther.(2), Verat.(2), Verat-v.(2), Vip.(1), Zinc.(2)",111
497,"VERTIGO - NAUSEA, with - waking, on", Spong.(2),1
498,"VERTIGO - NAUSEA, with - stooping amel.", Petr.(2),1
499,"VERTIGO - NAUSEA, with - rising in bed, on"," Bry.(1), Cocc.(3), Verat-v.(2)",3
500,"VERTIGO - NAUSEA, with - raising the head", Merc.(2),1
501,"VERTIGO - NAUSEA, with - periodic", Nat-m.(3),1
502,"VERTIGO - NAUSEA, with - motion, on"," Cocc.(3), Sel.(1)",2
503,"VERTIGO - NAUSEA, with - middle of chest"," Bry.(1), Phos.(1)",2
504,"VERTIGO - NAUSEA, with - lying, while", Ars.(1),1
505,"VERTIGO - NAUSEA, with - lying, while - with the head low", Petr.(2),1
506,"VERTIGO - NAUSEA, with - lying, while - on right side or back", Mur-ac.(2),1
507,"VERTIGO - NAUSEA, with - looking long at one object", Sars.(1),1
508,"VERTIGO - NAUSEA, with - closing eyes, on"," Lach.(2), Ther.(2)",2
509,"VERTIGO - NAUSEA, with - after"," Calc.(1), Cimic.(1), Gran.(1), Lyss.(1), Zinc.(2)",5
510,"VERTIGO - NAUSEA, with - morning"," Calc.(2), Sabad.(1), Squil.(1), Stront-c.(1)",4
511,VERTIGO - MOVING the head," Acon.(1), Agar.(2), Aloe(1), Am-c.(1), Arn.(2), Atro.(2), Aur.(1), Bar-c.(2), Bell.(2), Bry.(3), Calc.(2), Calc-ar.(1), Calc-s.(1), Carb-an.(1), Carb-v.(2), Caust.(1), Clem.(1), Cocc.(1), Coloc.(2), Con.(3), Cupr.(1), Echi.(1), Ferr.(2), Gels.(2), Glon.(2), Helo.(1), Hep.(2), Ign.(2), Ip.(1), Kali-bi.(1), Kali-c.(1), Lac-d.(1), Lact-ac.(1), Meph.(1), Morph.(1), Mosch.(1), Nat-m.(1), Paeon.(1), Phos.(2), Ptel.(2), Rhus-t.(1), Samb.(1), Sang.(1), Sel.(1), Sep.(1), Spig.(1), Staph.(2), Sulph.(1), Sumb.(2), Tell.(1), Ther.(1), Thuja(1), Verat.(1)",53
512,VERTIGO - MOVING the head - quickly," Am-c.(1), Atro.(1), Bar-c.(1), Bry.(3), Calc.(3), Calc-s.(1), Carb-v.(2), Coloc.(2), Con.(2), Ferr.(2), Gels.(2), Helo.(1), Kali-c.(2), Lact-ac.(1), Sang.(1), Spig.(1), Staph.(2), Sulph.(1), Sumb.(2), Verat.(1)",20
513,VERTIGO - MOVING the head - quickly - amel., Agar.(1),1
514,VERTIGO - MOTION - vomiting and nausea," Bry.(1), Cocc.(2), Sel.(1), Ther.(2)",4
515,VERTIGO - MOTION - sudden," Bry.(3), Calc.(3), Ferr.(1), Gels.(1), Lact.(1), Ptel.(1), Sumb.(1)",7
516,VERTIGO - MOTION - eyelids," Alum.(1), Chinin-s.(1), Mosch.(1)",3
517,VERTIGO - MOTION - eyes," Bell.(1), Chel.(1), Cocc.(4), Con.(2), Mur-ac.(1), Petr.(1), Plat.(1), Puls.(1), Spig.(1)",9
518,"VERTIGO - MOTION - arms, of"," Bar-c.(1), Berb.(1), Sep.(1)",3
519,VERTIGO - MOTION - amel.," Coff.(1), Cycl.(1), Mag-m.(1), Rhod.(1), Rhus-t.(1)",5
520,VERTIGO - MOTION - agg.," Adon.(1), Agar.(2), Ail.(1), Aloe(1), Am-c.(2), Am-m.(1), Arn.(1), Asar.(2), Aur.(2), Aur-m.(1), Bar-c.(1), Bell.(2), Beryl.(2), Bry.(3), Calc-p.(2), Carb-ac.(1), Carb-v.(2), Chin.(2), Cocc.(2), Coff.(2), Con.(2), Crot-h.(1), Crot-t.(1), Cupr.(1), Ferr.(2), Ferr-i.(1), Fl-ac.(1), Gels.(1), Gent-l.(1), Glon.(2), Graph.(2), Grat.(1), Hep.(2), Hydr-ac.(1), Kalm.(2), Laur.(1), Lycps-v.(1), Mag-c.(2), Mag-p.(1), Med.(2), Nat-ar.(1), Nat-c.(1), Nat-m.(1), Nux-v.(1), Paeon.(1), Phel.(1), Phos.(2), Phys.(1), Ptel.(1), Puls.(2), Sabad.(1), Sang.(1), Sec.(1), Sel.(1), Sil.(2), Sin-n.(1), Sol-nig.(1), Spong.(1), Staph.(1), Sumb.(1), Tab.(1), Tell.(1), Ther.(1)",63
521,VERTIGO - MIRROR - looking into - after, Kali-c.(1),1
522,VERTIGO - MENTAL exertion," Agar.(2), Agn.(1), Am-c.(1), Arg-met.(1), Arg-n.(2), Arn.(1), Bar-c.(1), Borx.(2), Calc.(1), Cham.(1), Coff.(1), Cupr.(1), Gran.(1), Grat.(1), Kalm.(1), Merc-i-f.(1), Nat-c.(3), Nat-m.(3), Nat-p.(1), Nux-v.(3), Ph-ac.(2), Pic-ac.(1), Puls.(2), Sep.(1), Sil.(1), Staph.(2)",26
523,VERTIGO - MENTAL exertion - amel., Phos.(1),1
524,VERTIGO - MENSES - suppressed," Acon.(2), Aloe(1), Bry.(1), Calc.(1), Cimic.(1), Con.(1), Cycl.(3), Gels.(1), Lach.(1), Nux-v.(1), Phos.(1), Plat.(1), Puls.(3), Sabin.(1), Sep.(1), Sil.(1), Sulph.(1), Verat.(1), Zinc.(1)",19
525,VERTIGO - MENSES - during," Acon.(2), Am-c.(1), Ant-t.(1), Arg-n.(1), Borx.(1), Bov.(1), Brom.(1), Cact.(1), Calc.(2), Calc-p.(1), Carbn-s.(1), Carb-v.(1), Caul.(1), Caust.(2), Con.(2), Croc.(2), Cub.(1), Cycl.(2), Elaps(1), Ferr.(1), Ferr-p.(2), Gels.(2), Graph.(1), Iod.(2), Kali-bi.(2), Lach.(2), Lyc.(1), Mosch.(1), Nux-v.(1), Ph-ac.(2), Plat.(1), Puls.(3), Sec.(2), Sulph.(2), Thuja(1), Tril-p.(1), Uran-n.(1), Ust.(1)",38
526,"VERTIGO - MENSES - during - walking, while", Phos.(1),1
527,"VERTIGO - MENSES - during - stooping, on"," Calc.(1), Caust.(1)",2
528,"VERTIGO - MENSES - during - stooping, on - rising again, and", Calc.(2),1
529,VERTIGO - MENSES - during - amel.," All-s.(1), Lach.(1)",2
530,VERTIGO - MENSES - before," Acon.(1), Agn.(1), Borx.(1), Bov.(1), Bry.(1), Calc.(1), Calc-p.(2), Caul.(2), Chel.(1), Con.(2), Lach.(2), Nux-m.(1), Phos.(1), Puls.(2), Verat.(2), Zinc.(2)",16
531,VERTIGO - MENSES - after," Agar.(1), Ant-t.(1), Con.(1), Nat-m.(1), Puls.(1), Ust.(1)",6
532,VERTIGO - MENOPAUSE - after, Con.(1),1
533,VERTIGO - MENOPAUSE - during," Con.(1), Crot-h.(2), Glon.(2), Sang.(2), Ust.(2)",5
534,"VERTIGO - MEDITATING, in"," Agar.(1), Arg-n.(1), Coff.(1), Gran.(1), Ph-ac.(2), Puls.(2), Sil.(1)",7
535,"VERTIGO - MEDITATING, in - walking in open air, while"," Agar.(1), Sil.(1)",2
536,"VERTIGO - MEDITATING, in - thinking of something else amel."," Agar.(1), Pip-m.(1), Sep.(1)",3
537,"VERTIGO - MEDITATING, in - amel.", Phos.(1),1
538,VERTIGO - LYING - side - right - amel., Alumn.(2),1
539,VERTIGO - LYING - side - right - agg.," Mur-ac.(2), Phos.(2)",2
540,VERTIGO - LYING - side - left - agg.," Alumn.(1), Iod.(2), Phos.(2), Sil.(2)",4
541,VERTIGO - LYING - side - amel., Merc.(1),1
542,VERTIGO - LYING - side - agg., Stram.(1),1
543,"VERTIGO - LYING - down, on (in the act of)"," Bell.(2), Brom.(1), Ferr.(1), Kalm.(1), Nit-ac.(1), Nux-v.(1), Olnd.(1), Ox-ac.(1), Rhus-t.(1), Sabad.(1), Sang.(1)",11
544,"VERTIGO - LYING - down, on (in the act of) - necessary"," Ambr.(2), Ant-t.(1), Aran.(2), Asaf.(1), Aur.(2), Chel.(1), Cocc.(3), Crot-h.(1), Cupr.(1), Graph.(2), Kali-c.(2), Kali-p.(1), Kali-s.(1), Kalm.(1), Kreos.(1), Laur.(1), Merc.(1), Mosch.(1), Nat-c.(1), Nat-m.(1), Nit-ac.(2), Op.(1), Phos.(3), Puls.(3), Sabin.(1), Sec.(1), Sil.(2), Sul-ac.(2), Zinc.(1)",29
545,"VERTIGO - LYING - head high, with - amel."," Nat-m.(1), Petr.(2)",2
546,"VERTIGO - LYING - face, on - amel.", Coca(2),1
547,"VERTIGO - LYING - face, on - while", Phos.(1),1
548,"VERTIGO - LYING - back, on"," Alum.(2), Anan.(1), Merc.(2), Merc-sul.(1), Mur-ac.(1), Nux-v.(1), Puls.(2), Sil.(2), Sulph.(1)",9
549,"VERTIGO - LYING - back, on - in a cool room amel.", Cast-v.(1),1
550,"VERTIGO - LYING - back, on - amel.", Stram.(1),1
551,VERTIGO - LYING - bed - as if sinking down through or with," Acetan.(1), Bell.(1), Benz-ac.(1), Bry.(3), Calc-p.(2), Chinin-s.(1), Dulc.(1), Kali-c.(1), Lach.(2), Lyc.(2), Mosch.(1), Nat-c.(1), Rhus-t.(1), Sacch.(1)",14
552,VERTIGO - LYING - bed - feeling as if he is not touching the bed, Lac-c.(3),1
553,VERTIGO - LYING - as if feet were going up," Ph-ac.(2), Stict.(1)",2
554,VERTIGO - LYING - while," Adon.(1), Alumn.(1), Am-c.(1), Apis(2), Ars.(1), Aur.(1), Bar-c.(1), Brom.(1), Calad.(1), Calc.(1), Carb-v.(2), Caust.(2), Cham.(2), Coca(1), Con.(3), Crot-c.(2), Cycl.(1), Dig.(1), Ham.(1), Iod.(1), Lac-c.(1), Lac-d.(1), Lach.(2), Lact.(1), Mag-c.(1), Merc.(1), Merl.(1), Nat-s.(1), Nit-ac.(2), Nux-v.(1), Ox-ac.(1), Petr.(1), Phel.(1), Phos.(1), Pic-ac.(1), Puls.(2), Rhod.(1), Rhus-t.(2), Sang.(1), Sep.(1), Sil.(1), Spig.(1), Staph.(1), Stry.(1), Sulph.(1), Sumb.(2), Thuja(2)",47
555,VERTIGO - LYING - while - amel.," Acon.(1), Alum.(1), Alumn.(1), Arn.(2), Aur-m.(1), Bry.(1), Calc.(1), Carb-an.(2), Chin.(2), Cic.(1), Cina(2), Cocc.(1), Con.(1), Crot-h.(1), Cupr.(1), Grat.(1), Ham.(1), Kalm.(1), Lach.(1), Nat-m.(1), Nit-ac.(1), Olnd.(1), Op.(1), Petr.(1), Phel.(1), Phos.(1), Puls.(1), Rhus-t.(1), Sil.(1), Stann.(1), Sul-ac.(1), Tell.(1), Thuja(1)",33
556,VERTIGO - LOSS of fluids," Chin.(2), Phos.(3), Sep.(1)",3
557,"VERTIGO - LOOKING - window, out of a"," Camph.(1), Carb-v.(2), Nat-m.(3), Ox-ac.(1)",4
558,VERTIGO - LOOKING - upwards," Arg-n.(1), Calc.(2), Carb-v.(1), Caust.(2), Chinin-ar.(1), Crot-t.(1), Cupr.(2), Dig.(1), Graph.(2), Iod.(1), Kali-p.(1), Kali-s.(1), Lach.(2), Mur-ac.(1), Nat-hchl.(1), Nux-v.(2), Petr.(2), Phos.(3), Plat.(1), Plb.(1), Puls.(3), Sang.(2), Sep.(1), Sil.(2), Stram.(1), Tab.(2), Thuja(2)",27
559,"VERTIGO - LOOKING - upwards - walking in open air, while"," Arg-n.(2), Ox-ac.(1), Sep.(2)",3
560,"VERTIGO - LOOKING - upwards - light, at a"," Cupr.(1), Plb.(1), Thuja(1), Zinc.(1)",4
561,"VERTIGO - LOOKING - upwards - high buildings, at", Arg-n.(2),1
562,"VERTIGO - LOOKING - turned, with the eyes", Spig.(3),1
563,VERTIGO - LOOKING - straight ahead amel., Olnd.(1),1
564,VERTIGO - LOOKING - steadily," All-s.(1), Am-c.(1), Ars.(1), Caust.(2), Colch.(1), Cur.(2), Kali-c.(2), Lach.(2), Manc.(1), Nat-m.(3), Olnd.(1), Phos.(2), Sars.(1), Sil.(2), Spig.(3), Sulph.(1), Tarent.(1)",17
565,VERTIGO - LOOKING - steadily - amel.," Dig.(2), Sabad.(1)",2
566,"VERTIGO - LOOKING - right, to", Lec.(1),1
567,"VERTIGO - LOOKING - revolving objects, at", Lyc.(1),1
568,"VERTIGO - LOOKING - moving object, at"," Agar.(2), Anac.(1), Cocc.(2), Con.(2), Cur.(2), Graph.(1), Jab.(2), Laur.(1), Mosch.(1), Nat-m.(1), Olnd.(1), Sep.(1), Sulph.(2)",13
569,"VERTIGO - LOOKING - mirror, into a", Kali-c.(1),1
570,"VERTIGO - LOOKING - plain, at a large", Sep.(1),1
571,"VERTIGO - LOOKING - either way, right or left"," Con.(2), Lec.(1), Olnd.(1), Op.(1), Sabad.(1), Spig.(2), Sulph.(1), Sumb.(1), Thuja(1)",9
572,VERTIGO - LOOKING - downward," Alumn.(1), Ars.(1), Calad.(1), Calc.(1), Camph.(1), Cham.(1), Cina(1), Con.(1), Ferr.(1), Ferr-ar.(1), Ferr-p.(1), Graph.(1), Kalm.(2), Mag-m.(1), Merc.(1), Nat-c.(1), Nit-ac.(1), Nux-v.(1), Olnd.(1), Ox-ac.(1), Petr.(1), Phos.(3), Puls.(1), Rhod.(1), Rhus-t.(1), Salam.(1), Sep.(1), Spig.(3), Staph.(1), Sulph.(3), Thuja(1)",31
573,VERTIGO - LOOKING - downward - as if, Phos.(1),1
574,"VERTIGO - LIGHTNING, from", Crot-h.(1),1
575,"VERTIGO - LIGHTS, from being in a room with many", Nux-v.(1),1
576,VERTIGO - LIFTING a weight," Ant-t.(1), Puls.(3)",2
577,VERTIGO - LEANING - head, Verb.(1),1
578,VERTIGO - LEANING - left cheek against hand, Verb.(1),1
579,VERTIGO - LEANING - against anything," Cycl.(1), Dig.(2)",2
580,"VERTIGO - KNEELING, when"," Mag-c.(1), Sep.(3), Stram.(1)",3
581,VERTIGO - KNEADING bread or making similar motions, Sanic.(1),1
582,"VERTIGO - INTOXICATED, as if"," Acet-ac.(1), Acon.(2), Act-sp.(1), Agar.(1), Ail.(1), Alum.(2), Am-c.(1), Anac.(2), Anan.(1), Arg-met.(2), Arg-n.(2), Asar.(1), Aur.(2), Bell.(2), Berb.(1), Bry.(2), Caj.(1), Camph.(2), Cann-i.(1), Carb-ac.(2), Carbn-s.(1), Caust.(1), Cham.(2), Chel.(1), Chin.(2), Chinin-s.(1), Cic.(2), Clem.(1), Cocc.(3), Con.(2), Cori-r.(1), Croc.(1), Crot-h.(1), Cur.(1), Dig.(1), Ferr.(2), Ferr-p.(1), Gels.(2), Glon.(1), Graph.(2), Grat.(1), Ham.(1), Hydr.(2), Hyos.(2), Kali-br.(2), Kali-c.(1), Kreos.(1), Lact.(1), Laur.(1), Led.(1), Lil-t.(2), Lyc.(1), Med.(2), Merc.(1), Merl.(1), Mez.(2), Mosch.(1), Nat-m.(1), Nux-m.(2), Nux-v.(3), Oena.(1), Op.(2), Petr.(1), Ph-ac.(2), Phel.(1), Phos.(1), Puls.(3), Rhod.(1), Rhus-t.(2), Sabad.(1), Sars.(1), Sec.(2), Sel.(1), Sep.(1), Sil.(2), Spig.(2), Spong.(2), Stram.(1), Tab.(2), Tarax.(1), Tep.(1), Thuja(2), Til.(1), Valer.(1)",84
583,"VERTIGO - INSPIRATION, deep, on", Cact.(2),1
584,"VERTIGO - INJURIES on head, after"," Cic.(1), Nat-s.(2)",2
585,"VERTIGO - HUNGRY, when"," Dulc.(1), Kali-c.(2)",2
586,"VERTIGO - HOUSE - entering, on"," Acon.(1), Ars.(1), Carb-ac.(1), Merc.(1), Pall.(1), Phos.(2), Plat.(1), Puls.(2), Ran-b.(1), Sil.(1), Tab.(1)",11
587,"VERTIGO - HOUSE - entering, on - walking, after"," Arg-met.(1), Plat.(1), Tab.(1)",3
588,VERTIGO - HOUSE - in," Agar.(1), Am-m.(1), Arg-met.(1), Bell.(1), Croc.(2), Crot-t.(1), Lyc.(2), Mag-m.(2), Merc.(1), Mur-ac.(1), Nat-c.(1), Par.(1), Phos.(1), Puls.(2), Sil.(1), Stann.(1), Staph.(1), Sul-ac.(1)",18
589,VERTIGO - HOUSE - in - amel.," Agar.(2), Caust.(1), Cycl.(2), Grat.(1), Kreos.(1), Merc.(1), Sulph.(1)",7
590,VERTIGO - HIGH places," Arg-n.(3), Aur.(1), Calc.(3), Gels.(1), Manc.(1), Nat-m.(2), Ph-ac.(1), Phos.(1), Puls.(1), Sil.(1), Staph.(1), Sulph.(3), Zinc.(2)",13
